<?xml version="1.0" encoding="UTF-8"?>

<AdverseEvent xmlns="http://hl7.org/fhir">
  <id value="qicore-adverseevent-example"/>
<!--     an identifier used for this allergic propensity (adverse reaction risk)     -->
  <text>
    <status value="generated"/><div xmlns="http://www.w3.org/1999/xhtml">
      <p>
        <strong> Generated Narrative with Details</strong>
      </p>
      <p>
        <strong>id</strong>: example
      </p>
      <p>
        <strong>identifier</strong>: 49476534
      </p>
      <p>
        <strong>category</strong>: AE
      </p>
      <p>
        <strong>type</strong>: { SNOMED CT code '304386008' = 'O/E - itchy rash', given as 'O/E - itchy rash' }
      </p>
      <p>
        <strong>subject</strong>: <a href="Patient-qicore-patient-example.html">Patient/example</a>
      </p>
      <p>
        <strong>date</strong>: 29/01/2017 12:34:56 PM
      </p>
      <p>
        <strong>seriousness</strong>: Mild { http://hl7.org/fhir/STU3/adverse-event-seriousness code 'Mild' = 'Mild', given as 'Mild' }
      </p>
      <p>
        <strong>recorder</strong>:    
        <a href="Practitioner-qicore-practitioner-example.html">Practitioner/example</a>
      </p>
      <p>
        <strong>description</strong>: This was a mild rash on the left forearm
      </p>
      <h3>SuspectEntities</h3>
      <table class="grid">
        <tbody>
          <tr>
            <td>-</td>
            <td>
              <strong>Instance</strong>
            </td>
          </tr>
          <tr>
            <td>*</td>
            <td>
              <a href="Medication-qicore-medication-example.html">Medication/example</a>
            </td>
          </tr>
        </tbody>
        
      </table>
    </div>
  </text>
  <identifier>
    <system value="http://acme.com/ids/patients/risks"/>
    <value value="49476534"/>
  </identifier>
<!--     this was an actual adverse event, not just a potential one     -->
  <category value="AE"/>
<!--     more precise details of the event     -->
  <type>
    <coding>
    <!--     example uses SNOMED CT. Other likely possibilitues incluide MedDRA     -->
      <system value="http://snomed.info/sct"/>
      <code value="304386008"/>
      <display value="O/E - itchy rash"/>
    </coding>
  </type>
<!--     the patient that actually had the adverse event     -->
  <subject>
    <reference value="Patient/example"/>
  </subject>
<!--     when the event happened     -->
  <date value="2017-01-29T12:34:56+00:00"/>
<!--     In overall terms even if it was a severe rash it is a relatively mild event overall
       -->
  <seriousness>
    <coding>
      <system value="http://hl7.org/fhir/STU3/adverse-event-seriousness"/>
      <code value="Mild"/>
      <display value="Mild"/>
    </coding>
  </seriousness>
<!--     who made the record / last updated it     -->
  <recorder>
    <reference value="Practitioner/example"/>
  </recorder>
  <description value="This was a mild rash on the left forearm"/>
<!--     may have been for cream to treat sunburn on that arm, reference to that medication
       -->
  <suspectEntity>
    <instance>
      <reference value="Medication/example"/>
    </instance>
  </suspectEntity>
</AdverseEvent>