<?xml version="1.0" encoding="UTF-8"?>

<DeviceUseStatement xmlns="http://hl7.org/fhir">
  <id value="qicore-deviceusestatement-example"/>
  <text>
    <status value="generated"/><div xmlns="http://www.w3.org/1999/xhtml">
      <p>
        <strong>id</strong>: example
      </p>
      <p>
        <strong>identifier</strong>: 51ebb7a9-4e3a-4360-9a05-0cc2d869086f
      </p>
      <p>
        <strong>status</strong>: active
      </p>
      <p>
        <strong>subject</strong>: <a href="Patient-qicore-patient-example.html">Patient/example</a>
      </p>
      <p>
        <strong>device</strong>: <a href="Device-qicore-device-example.html">Device/example</a>
      </p>
    </div>
  </text>
  <identifier>
    <system value="http:goodhealth.org/identifiers"/>
    <value value="51ebb7a9-4e3a-4360-9a05-0cc2d869086f"/>
  </identifier>
  <status value="active"/>
  <subject>
    <reference value="Patient/example"/>
  </subject>
  <device>
    <reference value="Device/example"/>
  </device>
</DeviceUseStatement>