<?xml version="1.0" encoding="UTF-8"?>

<ImplementationGuide xmlns="http://hl7.org/fhir">
  <id value="qicore"/>
  <text>
    <status value="generated"/><div xmlns="http://www.w3.org/1999/xhtml"><h2>QICore Implementation Guide</h2><p>The official URL for this implementation guide is: </p><pre>http://hl7.org/fhir/us/qicore/ImplementationGuide/qicore</pre></div>
  </text>
  <url value="http://hl7.org/fhir/us/qicore/ImplementationGuide/qicore"/>
  <name value="QICore Implementation Guide"/>
  <status value="draft"/>
  <experimental value="true"/>
  <publisher value="ONC"/>
  <dependency>
    <type value="reference"/>
    <uri value="http://hl7.org/fhir/us/core"/>
  </dependency>
  <package>
    <name value="base"/>
    <resource>
      <example value="true"/>
      <name value="QICore AdverseEvent"/>
      <description value="Example of QICore AdverseEvent"/>
      <sourceReference>
        <reference value="AdverseEvent/adverseevent-example-qicore"/>
      </sourceReference>
      <exampleFor>
        <reference value="StructureDefinition/qicore-adverseevent"/>
      </exampleFor>
    </resource>
    <resource>
      <example value="true"/>
      <name value="QICore AllergyIntolerance Example"/>
      <description value="Example of QICore AllergyIntolerance"/>
      <sourceReference>
        <reference value="AllergyIntolerance/allergyintolerance-example-qicore"/>
      </sourceReference>
      <exampleFor>
        <reference value="StructureDefinition/qicore-allergyintolerance"/>
      </exampleFor>
    </resource>
    <resource>
      <example value="true"/>
      <name value="QICore AllergyIntolerance Refuted Example"/>
      <description value="Example of QICore AllergyIntolerance Refuted"/>
      <sourceReference>
        <reference value="AllergyIntolerance/allergyintolerance-example-refuted-qicore"/>
      </sourceReference>
      <exampleFor>
        <reference value="StructureDefinition/qicore-allergyintolerance"/>
      </exampleFor>
    </resource>
    <resource>
      <extension url="http://hl7.org/fhir/StructureDefinition/implementationguide-page">
        <valueUri value="qicore-allergyintolerance.html"/>
      </extension>
      <example value="false"/>
      <name value="QICore AllergyIntolerance"/>
      <description value="Derived QICore AllergyIntolerance"/>
      <sourceReference>
        <reference value="StructureDefinition/qicore-allergyintolerance"/>
      </sourceReference>
    </resource>
    <resource>
      <example value="true"/>
      <name value="QICore BodySite Example"/>
      <description value="Example of QICore BodySite"/>
      <sourceReference>
        <reference value="BodySite/bodysite-example-qicore"/>
      </sourceReference>
      <exampleFor>
        <reference value="StructureDefinition/qicore-bodysite"/>
      </exampleFor>
    </resource>
    <resource>
      <example value="true"/>
      <name value="QICore Claim Example"/>
      <description value="Example of QICore Claim"/>
      <sourceReference>
        <reference value="Claim/claim-example-qicore"/>
      </sourceReference>
      <exampleFor>
        <reference value="StructureDefinition/qicore-claim"/>
      </exampleFor>
    </resource>
    <resource>
      <example value="true"/>
      <name value="QICore Communication"/>
      <description value="Example of QICore Communication"/>
      <sourceReference>
        <reference value="Communication/communication-example-qicore"/>
      </sourceReference>
      <exampleFor>
        <reference value="StructureDefinition/qicore-communication"/>
      </exampleFor>
    </resource>
    <resource>
      <example value="true"/>
      <name value="QICore CommunicationRequest"/>
      <description value="Example of QICore CommunicationRequest"/>
      <sourceReference>
        <reference value="CommunicationRequest/communicationrequest-example-qicore"/>
      </sourceReference>
      <exampleFor>
        <reference value="StructureDefinition/qicore-communicationrequest"/>
      </exampleFor>
    </resource>
    <resource>
      <example value="true"/>
      <name value="QICore Condition Example"/>
      <description value="Example of QICore Condition"/>
      <sourceReference>
        <reference value="Condition/condition-example-qicore"/>
      </sourceReference>
      <exampleFor>
        <reference value="StructureDefinition/qicore-condition"/>
      </exampleFor>
    </resource>
    <resource>
      <extension url="http://hl7.org/fhir/StructureDefinition/implementationguide-page">
        <valueUri value="qicore-condition.html"/>
      </extension>
      <example value="false"/>
      <name value="QICore Condition"/>
      <description value="Derived QICore Condition"/>
      <sourceReference>
        <reference value="StructureDefinition/qicore-condition"/>
      </sourceReference>
    </resource>
    <resource>
      <example value="true"/>
      <name value="QICore Coverage Example"/>
      <description value="Example of QICore Coverage"/>
      <sourceReference>
        <reference value="Coverage/coverage-example-qicore"/>
      </sourceReference>
      <exampleFor>
        <reference value="StructureDefinition/qicore-coverage"/>
      </exampleFor>
    </resource>
    <resource>
      <extension url="http://hl7.org/fhir/StructureDefinition/implementationguide-page">
        <valueUri value="qicore-device.html"/>
      </extension>
      <example value="false"/>
      <name value="QICore Device"/>
      <description value="Derived QICore Device"/>
      <sourceReference>
        <reference value="StructureDefinition/qicore-device"/>
      </sourceReference>
    </resource>
    <resource>
      <example value="true"/>
      <name value="QICore Device Example"/>
      <description value="Example of QICore Device"/>
      <sourceReference>
        <reference value="Device/device-example-qicore"/>
      </sourceReference>
      <exampleFor>
        <reference value="StructureDefinition/qicore-device"/>
      </exampleFor>
    </resource>
    <resource>
      <example value="true"/>
      <name value="QICore DeviceUseStatment Example"/>
      <description value="Example of QICore DeviceUseStatement"/>
      <sourceReference>
        <reference value="DeviceUseStatement/deviceusestatement-example-qicore"/>
      </sourceReference>
      <exampleFor>
        <reference value="StructureDefinition/qicore-deviceusestatement"/>
      </exampleFor>
    </resource>
    <resource>
      <extension url="http://hl7.org/fhir/StructureDefinition/implementationguide-page">
        <valueUri value="qicore-diagnosticreport.html"/>
      </extension>
      <example value="false"/>
      <name value="QICore DiagnosticReport"/>
      <description value="Derived QICore DiagnosticReport"/>
      <sourceReference>
        <reference value="StructureDefinition/qicore-diagnosticreport"/>
      </sourceReference>
    </resource>
    <resource>
      <example value="true"/>
      <name value="QICore DiagnosticReport Example"/>
      <description value="Example of QICore DiagnosticReport"/>
      <sourceReference>
        <reference value="DiagnosticReport/diagnosticreport-example-qicore"/>
      </sourceReference>
      <exampleFor>
        <reference value="StructureDefinition/qicore-diagnosticreport"/>
      </exampleFor>
    </resource>
    <resource>
      <example value="true"/>
      <name value="QICore Encounter"/>
      <description value="Example of QICore Encounter"/>
      <sourceReference>
        <reference value="Encounter/encounter-example-qicore"/>
      </sourceReference>
      <exampleFor>
        <reference value="StructureDefinition/qicore-encounter"/>
      </exampleFor>
    </resource>
    <resource>
      <example value="true"/>
      <name value="QICore FamilyMemberHistory"/>
      <description value="Example of QICore FamilyMemberHistory with condition did-not-have"/>
      <sourceReference>
        <reference value="FamilyMemberHistory/familymemberhistory-example-qicore"/>
      </sourceReference>
      <exampleFor>
        <reference value="StructureDefinition/qicore-familymemberhistory"/>
      </exampleFor>
    </resource>
    <resource>
      <example value="true"/>
      <name value="QICore Flag"/>
      <description value="Example of QICore Flag"/>
      <sourceReference>
        <reference value="Flag/flag-example-qicore"/>
      </sourceReference>
      <exampleFor>
        <reference value="StructureDefinition/qicore-flag"/>
      </exampleFor>
    </resource>
    <resource>
      <extension url="http://hl7.org/fhir/StructureDefinition/implementationguide-page">
        <valueUri value="qicore-goal.html"/>
      </extension>
      <example value="false"/>
      <name value="QICore Goal"/>
      <description value="Derived QICore Goal"/>
      <sourceReference>
        <reference value="StructureDefinition/qicore-goal"/>
      </sourceReference>
    </resource>
    <resource>
      <example value="true"/>
      <name value="QICore Goal Example"/>
      <description value="Example of QICoreGoal"/>
      <sourceReference>
        <reference value="Goal/goal-example-qicore"/>
      </sourceReference>
      <exampleFor>
        <reference value="StructureDefinition/qicore-goal"/>
      </exampleFor>
    </resource>
    <resource>
      <example value="true"/>
      <name value="QICore ImagingStudy"/>
      <description value="Example of QICore ImagingStudy"/>
      <sourceReference>
        <reference value="ImagingStudy/imagingstudy-example-qicore"/>
      </sourceReference>
      <exampleFor>
        <reference value="StructureDefinition/qicore-imagingstudy"/>
      </exampleFor>
    </resource>
    <resource>
      <example value="false"/>
      <name value="QICore RadiationDose"/>
      <description value="QICore RadiationDose"/>
      <sourceReference>
        <reference value="StructureDefinition/qicore-imagingstudy-radiationdose"/>
      </sourceReference>
    </resource>
    <resource>
      <example value="false"/>
      <name value="QICore RadiationDuration"/>
      <description value="QICore RadiationDuration"/>
      <sourceReference>
        <reference value="StructureDefinition/qicore-imagingstudy-radiationduration"/>
      </sourceReference>
    </resource>
    <resource>
      <extension url="http://hl7.org/fhir/StructureDefinition/implementationguide-page">
        <valueUri value="qicore-immunization.html"/>
      </extension>
      <example value="false"/>
      <name value="QICore Immunization"/>
      <description value="Derived QICore Immunization"/>
      <sourceReference>
        <reference value="StructureDefinition/qicore-immunization"/>
      </sourceReference>
    </resource>
    <resource>
      <example value="true"/>
      <name value="QICore Immunization Example"/>
      <description value="Example of QICore Immunization"/>
      <sourceReference>
        <reference value="Immunization/immunization-example-qicore"/>
      </sourceReference>
      <exampleFor>
        <reference value="StructureDefinition/qicore-immunization"/>
      </exampleFor>
    </resource>
    <resource>
      <example value="true"/>
      <name value="QICore Immunization Example"/>
      <description value="Example of QICore Immunization"/>
      <sourceReference>
        <reference value="ImmunizationRecommendation/immunizationrecommendation-example-qicore"/>
      </sourceReference>
      <exampleFor>
        <reference value="StructureDefinition/qicore-immunizationrec"/>
      </exampleFor>
    </resource>
    <resource>
      <extension url="http://hl7.org/fhir/StructureDefinition/implementationguide-page">
        <valueUri value="qicore-location.html"/>
      </extension>
      <example value="false"/>
      <name value="QICore Location"/>
      <description value="Derived QICore Location"/>
      <sourceReference>
        <reference value="StructureDefinition/qicore-location"/>
      </sourceReference>
    </resource>
    <resource>
      <example value="true"/>
      <name value="QICore Location Example"/>
      <description value="Example of QICore Location"/>
      <sourceReference>
        <reference value="Location/location-example-qicore"/>
      </sourceReference>
      <exampleFor>
        <reference value="StructureDefinition/qicore-location"/>
      </exampleFor>
    </resource>
    <resource>
      <extension url="http://hl7.org/fhir/StructureDefinition/implementationguide-page">
        <valueUri value="qicore-medication.html"/>
      </extension>
      <example value="false"/>
      <name value="QICore Medication"/>
      <description value="Derived QICore Medication"/>
      <sourceReference>
        <reference value="StructureDefinition/qicore-medication"/>
      </sourceReference>
    </resource>
    <resource>
      <example value="true"/>
      <name value="QICore Medication Example"/>
      <description value="Example of QICore Medication"/>
      <sourceReference>
        <reference value="Medication/medication-example-qicore"/>
      </sourceReference>
      <exampleFor>
        <reference value="StructureDefinition/qicore-medication"/>
      </exampleFor>
    </resource>
    <resource>
      <example value="true"/>
      <name value="QICore MedicationAdministration Example"/>
      <description value="Example of QICore MedicationAdministration"/>
      <sourceReference>
        <reference value="MedicationAdministration/medicationadministration-example-qicore"/>
      </sourceReference>
      <exampleFor>
        <reference value="StructureDefinition/qicore-medicationadministration"/>
      </exampleFor>
    </resource>
    <resource>
      <example value="true"/>
      <name value="QICore MedicationDispense"/>
      <description value="Example of QICore MedicationDispense"/>
      <sourceReference>
        <reference value="MedicationDispense/medicationdispense-example-qicore"/>
      </sourceReference>
      <exampleFor>
        <reference value="StructureDefinition/qicore-medicationdispense"/>
      </exampleFor>
    </resource>
    <resource>
      <extension url="http://hl7.org/fhir/StructureDefinition/implementationguide-page">
        <valueUri value="qicore-medicationrequest.html"/>
      </extension>
      <example value="false"/>
      <name value="QICore MedicationRequest"/>
      <description value="Derived QICore MedicationRequest"/>
      <sourceReference>
        <reference value="StructureDefinition/qicore-medicationrequest"/>
      </sourceReference>
    </resource>
    <resource>
      <example value="true"/>
      <name value="QICore MedicationRequest Example"/>
      <description value="Example of QICore MedicationRequest"/>
      <sourceReference>
        <reference value="MedicationRequest/medicationrequest-example-qicore"/>
      </sourceReference>
      <exampleFor>
        <reference value="StructureDefinition/qicore-medicationrequest"/>
      </exampleFor>
    </resource>
    <resource>
      <extension url="http://hl7.org/fhir/StructureDefinition/implementationguide-page">
        <valueUri value="qicore-medicationstatement.html"/>
      </extension>
      <example value="false"/>
      <name value="QICore MedicationStatement"/>
      <description value="Derived QICore MedicationStatement"/>
      <sourceReference>
        <reference value="StructureDefinition/qicore-medicationstatement"/>
      </sourceReference>
    </resource>
    <resource>
      <example value="true"/>
      <name value="QICore MedicationStatement Example"/>
      <description value="Example of QICore MedicationStatement"/>
      <sourceReference>
        <reference value="MedicationStatement/medicationstatement-example-qicore"/>
      </sourceReference>
      <exampleFor>
        <reference value="StructureDefinition/qicore-medicationstatement"/>
      </exampleFor>
    </resource>
    <resource>
      <example value="true"/>
      <name value="QICore Observation"/>
      <description value="Example of QICore Observation"/>
      <sourceReference>
        <reference value="Observation/observation-example-qicore"/>
      </sourceReference>
      <exampleFor>
        <reference value="StructureDefinition/qicore-observation"/>
      </exampleFor>
    </resource>
    <resource>
      <extension url="http://hl7.org/fhir/StructureDefinition/implementationguide-page">
        <valueUri value="qicore-organization.html"/>
      </extension>
      <example value="false"/>
      <name value="QICore Organization"/>
      <description value="Derived QICore Organization"/>
      <sourceReference>
        <reference value="StructureDefinition/qicore-organization"/>
      </sourceReference>
    </resource>
    <resource>
      <example value="true"/>
      <name value="QICore Organization Example"/>
      <description value="Example of QICore Organization"/>
      <sourceReference>
        <reference value="Organization/organization-example-qicore"/>
      </sourceReference>
      <exampleFor>
        <reference value="StructureDefinition/qicore-organization"/>
      </exampleFor>
    </resource>
    <resource>
      <extension url="http://hl7.org/fhir/StructureDefinition/implementationguide-page">
        <valueUri value="qicore-patient.html"/>
      </extension>
      <example value="false"/>
      <name value="QICore Patient"/>
      <description value="Derived QICore Patient"/>
      <sourceReference>
        <reference value="StructureDefinition/qicore-patient"/>
      </sourceReference>
    </resource>
    <resource>
      <example value="true"/>
      <name value="QICore Patient Example"/>
      <description value="Example of QICore Patient"/>
      <sourceReference>
        <reference value="Patient/patient-example-qicore"/>
      </sourceReference>
      <exampleFor>
        <reference value="StructureDefinition/qicore-patient"/>
      </exampleFor>
    </resource>
    <resource>
      <extension url="http://hl7.org/fhir/StructureDefinition/implementationguide-page">
        <valueUri value="qicore-practitioner.html"/>
      </extension>
      <example value="false"/>
      <name value="QICore Practitioner"/>
      <description value="Derived QICore Practitioner"/>
      <sourceReference>
        <reference value="StructureDefinition/qicore-practitioner"/>
      </sourceReference>
    </resource>
    <resource>
      <extension url="http://hl7.org/fhir/StructureDefinition/implementationguide-page">
        <valueUri value="qicore-military-service.html"/>
      </extension>
      <example value="false"/>
      <sourceReference>
        <reference value="StructureDefinition/qicore-military-service"/>
      </sourceReference>
    </resource>
    <resource>
      <extension url="http://hl7.org/fhir/StructureDefinition/implementationguide-page">
        <valueUri value="codesystem-qicore-military-service.html"/>
      </extension>
      <example value="false"/>
      <sourceReference>
        <reference value="CodeSystem/qicore-military-service"/>
      </sourceReference>
    </resource>
    <resource>
      <example value="true"/>
      <name value="QICore Practitioner Example"/>
      <description value="Example of QICore Practitioner"/>
      <sourceReference>
        <reference value="Practitioner/practitioner-example-qicore"/>
      </sourceReference>
      <exampleFor>
        <reference value="StructureDefinition/qicore-practitioner"/>
      </exampleFor>
    </resource>
    <resource>
      <extension url="http://hl7.org/fhir/StructureDefinition/implementationguide-page">
        <valueUri value="qicore-practitioner-role.html"/>
      </extension>
      <example value="false"/>
      <sourceReference>
        <reference value="StructureDefinition/qicore-practitioner-role"/>
      </sourceReference>
    </resource>
    <resource>
      <extension url="http://hl7.org/fhir/StructureDefinition/implementationguide-page">
        <valueUri value="qicore-procedure.html"/>
      </extension>
      <example value="false"/>
      <name value="QICore Procedure"/>
      <description value="Derived QICore Procedure"/>
      <sourceReference>
        <reference value="StructureDefinition/qicore-procedure"/>
      </sourceReference>
    </resource>
    <resource>
      <example value="true"/>
      <name value="QICore Procedure Example"/>
      <description value="Example of QICore Procedure"/>
      <sourceReference>
        <reference value="Procedure/procedure-example-qicore"/>
      </sourceReference>
      <exampleFor>
        <reference value="StructureDefinition/qicore-procedure"/>
      </exampleFor>
    </resource>
    <resource>
      <extension url="http://hl7.org/fhir/StructureDefinition/implementationguide-page">
        <valueUri value="qicore-procedure-approachBodySite.html"/>
      </extension>
      <example value="false"/>
      <sourceReference>
        <reference value="StructureDefinition/qicore-procedure-approachBodySite"/>
      </sourceReference>
    </resource>
    <resource>
      <extension url="http://hl7.org/fhir/StructureDefinition/implementationguide-page">
        <valueUri value="qicore-procedurerequest-approachBodySite.html"/>
      </extension>
      <example value="false"/>
      <sourceReference>
        <reference value="StructureDefinition/qicore-procedurerequest-approachBodySite"/>
      </sourceReference>
    </resource>
    <resource>
      <extension url="http://hl7.org/fhir/StructureDefinition/implementationguide-page">
        <valueUri value="qicore-procedurerequest-appropriatenessScore.html"/>
      </extension>
      <example value="false"/>
      <sourceReference>
        <reference value="StructureDefinition/qicore-procedurerequest-appropriatenessScore"/>
      </sourceReference>
    </resource>
    <resource>
      <extension url="http://hl7.org/fhir/StructureDefinition/implementationguide-page">
        <valueUri value="qicore-appropriateness-score.html"/>
      </extension>
      <example value="false"/>
      <sourceReference>
        <reference value="CodeSystem/qicore-appropriateness-score"/>
      </sourceReference>
    </resource>
    <resource>
      <example value="true"/>
      <name value="QICore ProcedureRequest"/>
      <description value="Example of QICore ProcedureRequest"/>
      <sourceReference>
        <reference value="ProcedureRequest/procedurerequest-example-qicore"/>
      </sourceReference>
      <exampleFor>
        <reference value="StructureDefinition/qicore-procedurerequest"/>
      </exampleFor>
    </resource>
    <resource>
      <example value="true"/>
      <name value="QICore ReferralRequest"/>
      <description value="Example of QICore ReferralRequest"/>
      <sourceReference>
        <reference value="ReferralRequest/referralrequest-example-qicore"/>
      </sourceReference>
      <exampleFor>
        <reference value="StructureDefinition/qicore-referralrequest"/>
      </exampleFor>
    </resource>
    <resource>
      <example value="true"/>
      <name value="QICore RelatedPerson"/>
      <description value="Example of QICore RelatedPerson"/>
      <sourceReference>
        <reference value="RelatedPerson/relatedperson-example-qicore"/>
      </sourceReference>
      <exampleFor>
        <reference value="StructureDefinition/qicore-relatedperson"/>
      </exampleFor>
    </resource>
    <resource>
      <example value="true"/>
      <name value="QICore Specimen"/>
      <description value="Example of QICore Specimen"/>
      <sourceReference>
        <reference value="Specimen/specimen-example-qicore"/>
      </sourceReference>
      <exampleFor>
        <reference value="StructureDefinition/qicore-specimen"/>
      </exampleFor>
    </resource>
    <resource>
      <example value="true"/>
      <name value="QICore Substance"/>
      <description value="Example of QICore Substance"/>
      <sourceReference>
        <reference value="Substance/substance-example-qicore"/>
      </sourceReference>
      <exampleFor>
        <reference value="StructureDefinition/qicore-substance"/>
      </exampleFor>
    </resource>
    <resource>
      <extension url="http://hl7.org/fhir/StructureDefinition/implementationguide-page">
        <valueUri value="valueset-qicore-allergyintolerance-reason-refuted.html"/>
      </extension>
      <example value="false"/>
      <sourceReference>
        <reference value="ValueSet/qicore-allergyintolerance-reason-refuted"/>
      </sourceReference>
    </resource>
    <resource>
      <extension url="http://hl7.org/fhir/StructureDefinition/implementationguide-page">
        <valueUri value="valueset-qicore-military-service.html"/>
      </extension>
      <example value="false"/>
      <sourceReference>
        <reference value="ValueSet/qicore-military-service"/>
      </sourceReference>
    </resource>
    <resource>
      <extension url="http://hl7.org/fhir/StructureDefinition/implementationguide-page">
        <valueUri value="valueset-qicore-patient-disability.html"/>
      </extension>
      <example value="false"/>
      <sourceReference>
        <reference value="ValueSet/qicore-patient-disability"/>
      </sourceReference>
    </resource>
    <resource>
      <extension url="http://hl7.org/fhir/StructureDefinition/implementationguide-page">
        <valueUri value="valueset-qicore-condition-certainty.html"/>
      </extension>
      <example value="false"/>
      <sourceReference>
        <reference value="ValueSet/qicore-condition-certainty"/>
      </sourceReference>
    </resource>
    <resource>
      <extension url="http://hl7.org/fhir/StructureDefinition/implementationguide-page">
        <valueUri value="valueset-qicore-condition-criticality.html"/>
      </extension>
      <example value="false"/>
      <sourceReference>
        <reference value="ValueSet/qicore-condition-criticality"/>
      </sourceReference>
    </resource>
    <resource>
      <extension url="http://hl7.org/fhir/StructureDefinition/implementationguide-page">
        <valueUri value="valueset-qicore-condition-stage.html"/>
      </extension>
      <example value="false"/>
      <sourceReference>
        <reference value="ValueSet/qicore-condition-stage"/>
      </sourceReference>
    </resource>
    <resource>
      <extension url="http://hl7.org/fhir/StructureDefinition/implementationguide-page">
        <valueUri value="valueset-qicore-flag-category.html"/>
      </extension>
      <example value="false"/>
      <sourceReference>
        <reference value="ValueSet/qicore-flag-category"/>
      </sourceReference>
    </resource>
    <resource>
      <extension url="http://hl7.org/fhir/StructureDefinition/implementationguide-page">
        <valueUri value="valueset-qicore-goal-reason-rejected.html"/>
      </extension>
      <example value="false"/>
      <sourceReference>
        <reference value="ValueSet/qicore-goal-reason-rejected"/>
      </sourceReference>
    </resource>
  </package>
  <package>
    <name value="QICore-AdverseEvent"/>
    <resource>
      <extension url="http://hl7.org/fhir/StructureDefinition/implementationguide-page">
        <valueUri value="qicore-adverseevent.html"/>
      </extension>
      <example value="false"/>
      <name value="QICore-AdverseEvent"/>
      <sourceReference>
        <reference value="StructureDefinition/qicore-adverseevent"/>
      </sourceReference>
    </resource>
  </package>
  <package>
    <name value="QICore-BodySite"/>
    <resource>
      <extension url="http://hl7.org/fhir/StructureDefinition/implementationguide-page">
        <valueUri value="qicore-bodysite.html"/>
      </extension>
      <example value="false"/>
      <name value="QICore-BodySite"/>
      <sourceReference>
        <reference value="StructureDefinition/qicore-bodysite"/>
      </sourceReference>
    </resource>
  </package>
  <package>
    <name value="QICore-Claim"/>
    <resource>
      <extension url="http://hl7.org/fhir/StructureDefinition/implementationguide-page">
        <valueUri value="qicore-claim.html"/>
      </extension>
      <example value="false"/>
      <name value="QICore-Claim"/>
      <sourceReference>
        <reference value="StructureDefinition/qicore-claim"/>
      </sourceReference>
    </resource>
  </package>
  <package>
    <name value="QICore-Communication"/>
    <resource>
      <extension url="http://hl7.org/fhir/StructureDefinition/implementationguide-page">
        <valueUri value="qicore-communication.html"/>
      </extension>
      <example value="false"/>
      <name value="QICore-Communication"/>
      <sourceReference>
        <reference value="StructureDefinition/qicore-communication"/>
      </sourceReference>
    </resource>
  </package>
  <package>
    <name value="QICore-CommunicationRequest"/>
    <resource>
      <extension url="http://hl7.org/fhir/StructureDefinition/implementationguide-page">
        <valueUri value="qicore-communicationrequest.html"/>
      </extension>
      <example value="false"/>
      <name value="QICore-CommunicationRequest"/>
      <sourceReference>
        <reference value="StructureDefinition/qicore-communicationrequest"/>
      </sourceReference>
    </resource>
  </package>
  <package>
    <name value="QICore-Coverage"/>
    <resource>
      <extension url="http://hl7.org/fhir/StructureDefinition/implementationguide-page">
        <valueUri value="qicore-coverage.html"/>
      </extension>
      <example value="false"/>
      <name value="QICore-Coverage"/>
      <sourceReference>
        <reference value="StructureDefinition/qicore-coverage"/>
      </sourceReference>
    </resource>
  </package>
  <package>
    <name value="QICore-DeviceUseStatement"/>
    <resource>
      <extension url="http://hl7.org/fhir/StructureDefinition/implementationguide-page">
        <valueUri value="qicore-deviceusestatement.html"/>
      </extension>
      <example value="false"/>
      <name value="QICore-DeviceUseStatement"/>
      <sourceReference>
        <reference value="StructureDefinition/qicore-deviceusestatement"/>
      </sourceReference>
    </resource>
  </package>
  <package>
    <name value="QICore-Encounter"/>
    <resource>
      <extension url="http://hl7.org/fhir/StructureDefinition/implementationguide-page">
        <valueUri value="qicore-encounter.html"/>
      </extension>
      <example value="false"/>
      <name value="QICore-Encounter"/>
      <sourceReference>
        <reference value="StructureDefinition/qicore-encounter"/>
      </sourceReference>
    </resource>
  </package>
  <package>
    <name value="QICore-FamilyMemberHistory"/>
    <resource>
      <extension url="http://hl7.org/fhir/StructureDefinition/implementationguide-page">
        <valueUri value="qicore-familymemberhistory.html"/>
      </extension>
      <example value="false"/>
      <name value="QICore-FamilyMemberHistory"/>
      <sourceReference>
        <reference value="StructureDefinition/qicore-familymemberhistory"/>
      </sourceReference>
    </resource>
  </package>
  <package>
    <name value="QICore-Flag"/>
    <resource>
      <extension url="http://hl7.org/fhir/StructureDefinition/implementationguide-page">
        <valueUri value="qicore-flag.html"/>
      </extension>
      <example value="false"/>
      <name value="QICore-Flag"/>
      <sourceReference>
        <reference value="StructureDefinition/qicore-flag"/>
      </sourceReference>
    </resource>
  </package>
  <package>
    <name value="QICore-ImagingStudy"/>
    <resource>
      <extension url="http://hl7.org/fhir/StructureDefinition/implementationguide-page">
        <valueUri value="qicore-imagingstudy.html"/>
      </extension>
      <example value="false"/>
      <name value="QICore-ImagingStudy"/>
      <sourceReference>
        <reference value="StructureDefinition/qicore-imagingstudy"/>
      </sourceReference>
    </resource>
  </package>
  <package>
    <name value="QICore-ImmunizationRecommendation"/>
    <resource>
      <extension url="http://hl7.org/fhir/StructureDefinition/implementationguide-page">
        <valueUri value="qicore-immunizationrec.html"/>
      </extension>
      <example value="false"/>
      <name value="QICore-ImmunizationRecommendation"/>
      <sourceReference>
        <reference value="StructureDefinition/qicore-immunizationrec"/>
      </sourceReference>
    </resource>
  </package>
  <package>
    <name value="QICore-MedicationAdministration"/>
    <resource>
      <extension url="http://hl7.org/fhir/StructureDefinition/implementationguide-page">
        <valueUri value="qicore-medicationadministration.html"/>
      </extension>
      <example value="false"/>
      <name value="QICore-MedicationAdministration"/>
      <sourceReference>
        <reference value="StructureDefinition/qicore-medicationadministration"/>
      </sourceReference>
    </resource>
  </package>
  <package>
    <name value="QICore-MedicationDispense"/>
    <resource>
      <extension url="http://hl7.org/fhir/StructureDefinition/implementationguide-page">
        <valueUri value="qicore-medicationdispense.html"/>
      </extension>
      <example value="false"/>
      <name value="QICore-MedicationDispense"/>
      <sourceReference>
        <reference value="StructureDefinition/qicore-medicationdispense"/>
      </sourceReference>
    </resource>
  </package>
  <package>
    <name value="QICore-Observation"/>
    <resource>
      <extension url="http://hl7.org/fhir/StructureDefinition/implementationguide-page">
        <valueUri value="qicore-observation.html"/>
      </extension>
      <example value="false"/>
      <name value="QICore-Observation"/>
      <sourceReference>
        <reference value="StructureDefinition/qicore-observation"/>
      </sourceReference>
    </resource>
  </package>
  <package>
    <name value="QICore-ProcedureRequest"/>
    <resource>
      <extension url="http://hl7.org/fhir/StructureDefinition/implementationguide-page">
        <valueUri value="qicore-procedurerequest.html"/>
      </extension>
      <example value="false"/>
      <name value="QICore-ProcedureRequest"/>
      <sourceReference>
        <reference value="StructureDefinition/qicore-procedurerequest"/>
      </sourceReference>
    </resource>
  </package>
  <package>
    <name value="QICore-ReferralRequest"/>
    <resource>
      <extension url="http://hl7.org/fhir/StructureDefinition/implementationguide-page">
        <valueUri value="qicore-referralrequest.html"/>
      </extension>
      <example value="false"/>
      <name value="QICore-ReferralRequest"/>
      <sourceReference>
        <reference value="StructureDefinition/qicore-referralrequest"/>
      </sourceReference>
    </resource>
  </package>
  <package>
    <name value="QICore-RelatedPerson"/>
    <resource>
      <extension url="http://hl7.org/fhir/StructureDefinition/implementationguide-page">
        <valueUri value="qicore-relatedperson.html"/>
      </extension>
      <example value="false"/>
      <name value="QICore-RelatedPerson"/>
      <sourceReference>
        <reference value="StructureDefinition/qicore-relatedperson"/>
      </sourceReference>
    </resource>
  </package>
  <package>
    <name value="QICore-Specimen"/>
    <resource>
      <extension url="http://hl7.org/fhir/StructureDefinition/implementationguide-page">
        <valueUri value="qicore-specimen.html"/>
      </extension>
      <example value="false"/>
      <name value="QICore-Specimen"/>
      <sourceReference>
        <reference value="StructureDefinition/qicore-specimen"/>
      </sourceReference>
    </resource>
  </package>
  <package>
    <name value="QICore-Substance"/>
    <resource>
      <extension url="http://hl7.org/fhir/StructureDefinition/implementationguide-page">
        <valueUri value="qicore-substance.html"/>
      </extension>
      <example value="false"/>
      <name value="QICore-Substance"/>
      <sourceReference>
        <reference value="StructureDefinition/qicore-substance"/>
      </sourceReference>
    </resource>
  </package>
  <page>
    <source value="index.html"/>
    <title value="Home Page"/>
    <kind value="page"/>
    <page>
      <source value="registry.html"/>
      <title value="Registry"/>
      <kind value="list"/>
      <type value="CapabilityStatement"/>
      <type value="StructureDefinition"/>
      <type value="ValueSet"/>
      <type value="ConceptMap"/>
    </page>
  </page>
</ImplementationGuide>