<?xml version="1.0" encoding="UTF-8"?>

<MedicationDispense xmlns="http://hl7.org/fhir">
  <id value="qicore-medicationdispense-example"/>
  <text>
    <status value="generated"/><div xmlns="http://www.w3.org/1999/xhtml">
      <p>Penicillin VK 5ml suspension to be administered by oral route</p>
      <p>ONE 5ml spoonful to be taken THREE times a day</p>
      <p>100ml bottle</p>
      <p>to patient ref: a23</p>
      <p>by doctor X</p>
    </div>
  </text>
  <extension url="http://hl7.org/fhir/StructureDefinition/pharmacy-core-refillsRemaining">
    <valueInteger value="0"/>
  </extension>
  <extension url="http://hl7.org/fhir/StructureDefinition/medicationdispense-validityPeriod">
    <valuePeriod>
      <start value="2012-05-30"/>
      <end value="2012-06-10"/>
    </valuePeriod>
  </extension>
  <status value="completed"/>
  <medicationReference>
    <reference value="Medication/example"/>
  </medicationReference>
  <subject>
    <reference value="Patient/example"/>
  </subject>
  <performer>
    <actor>
      <reference value="Practitioner/example"/>
    </actor>
  </performer>
  <authorizingPrescription>
    <reference value="MedicationRequest/example"/>
  </authorizingPrescription>
  <quantity>
    <value value="100"/>
    <unit value="ml"/>
    <system value="http://unitsofmeasure.org"/>
    <code value="ml"/>
  </quantity>
  <daysSupply>
    <value value="30"/>
    <unit value="Day"/>
    <system value="http://unitsofmeasure.org"/>
    <code value="d"/>
  </daysSupply>
  <whenPrepared value="2012-05-30T16:20:00+00:00"/>
  <whenHandedOver value="2012-05-31T10:20:00+00:00"/>
  <destination>
    <reference value="Location/example"/>
  </destination>
  <receiver>
    <reference value="Patient/example"/>
  </receiver>
  <dosageInstruction>
    <extension url="http://hl7.org/fhir/StructureDefinition/pharmacy-core-doseType">
      <valueCodeableConcept>
        <coding>
          <system value="http://snomed.info/sct"/>
          <code value="440231000124106"/>
          <display value="Maintenance dose"/>
        </coding>
      </valueCodeableConcept>
    </extension>
    <extension url="http://hl7.org/fhir/StructureDefinition/pharmacy-core-infuseOver">
      <valueDuration>
        <value value="1"/>
        <unit value="min"/>
        <system value="http://unitsofmeasure.org"/>
        <code value="min"/>
      </valueDuration>
    </extension>
    <extension url="http://hl7.org/fhir/StructureDefinition/pharmacy-core-minDosePerPeriod">
      <valueRatio>
        <numerator>
          <value value="15"/>
          <unit value="ml"/>
          <system value="http://unitsofmeasure.org"/>
          <code value="ml"/>
        </numerator>
        <denominator>
          <value value="1"/>
          <unit value="day"/>
          <system value="http://unitsofmeasure.org"/>
          <code value="day"/>
        </denominator>
      </valueRatio>
    </extension>
    <extension url="http://hl7.org/fhir/StructureDefinition/pharmacy-core-maxDeliveryVolume">
      <valueQuantity>
        <value value="15"/>
        <unit value="ml"/>
        <system value="http://unitsofmeasure.org"/>
        <code value="ml"/>
      </valueQuantity>
    </extension>
    <timing>
      <repeat>
        <frequency value="3"/>
        <period value="1"/>
        <periodUnit value="d"/>
      </repeat>
    </timing>
    <route>
      <coding>
        <system value="http://snomed.info/sct"/>
        <code value="394899003"/>
        <display value="oral administration of treatment"/>
      </coding>
    </route>
    <doseQuantity>
      <value value="5"/>
      <unit value="ml"/>
      <system value="http://unitsofmeasure.org"/>
      <code value="ml"/>
    </doseQuantity>
  </dosageInstruction>
  <substitution>
    <wasSubstituted value="false"/>
    <type>
      <coding>
        <system value="http://example.org/MedDispSubType"/>
        <code value="NoSub"/>
        <display value="No substitution made or expected"/>
      </coding>
    </type>
  </substitution>
</MedicationDispense>