<?xml version="1.0" encoding="UTF-8"?>

<MedicationRequest xmlns="http://hl7.org/fhir">
  <id value="qicore-medicationrequest-example"/>
  <text>
    <status value="generated"/><div xmlns="http://www.w3.org/1999/xhtml">
      <p>Penicillin VK 5ml suspension to be administered by oral route</p>
      <p>ONE 5ml spoonful to be taken THREE times a day</p>
      <p>100ml bottle</p>
      <p>to patient ref: a23</p>
      <p>by doctor X</p>
    </div>
  </text>
  <status value="active"/>
  <intent value="order"/>
  <medicationReference>
    <reference value="Medication/example"/>
  </medicationReference>
  <subject>
    <reference value="Patient/example"/>
  </subject>
  <authoredOn value="2015-03-25T19:32:52-05:00"/>
<!--  <requester>
    <agent>
      <reference value="Practitioner/example"/>
    </agent>
  </requester>  -->
  <dosageInstruction>
    <extension url="http://hl7.org/fhir/StructureDefinition/pharmacy-core-doseType">
      <valueCodeableConcept>
        <coding>
          <system value="http://snomed.info/sct"/>
          <code value="440231000124106"/>
          <display value="Maintenance dose"/>
        </coding>
      </valueCodeableConcept>
    </extension>
    <extension url="http://hl7.org/fhir/StructureDefinition/pharmacy-core-infuseOver">
      <valueDuration>
        <value value="1"/>
        <unit value="min"/>
        <system value="http://unitsofmeasure.org"/>
        <code value="m"/>
      </valueDuration>
    </extension>
    <extension url="http://hl7.org/fhir/StructureDefinition/pharmacy-core-minDosePerPeriod">
      <valueRatio>
        <numerator>
          <value value="15"/>
          <unit value="ml"/>
          <system value="http://unitsofmeasure.org"/>
          <code value="ml"/>
        </numerator>
        <denominator>
          <value value="1"/>
          <unit value="day"/>
          <system value="http://unitsofmeasure.org"/>
          <code value="day"/>
        </denominator>
      </valueRatio>
    </extension>
    <extension url="http://hl7.org/fhir/StructureDefinition/pharmacy-core-maxDeliveryVolume">
      <valueQuantity>
        <value value="15"/>
        <unit value="ml"/>
        <system value="http://unitsofmeasure.org"/>
        <code value="ml"/>
      </valueQuantity>
    </extension>
    <timing>
      <repeat>
        <frequency value="3"/>
        <period value="1"/>
        <periodUnit value="d"/>
      </repeat>
    </timing>
    <site>
      <coding>
        <system value="http://snomed.info/sct"/>
        <code value="447964005"/>
      </coding>
    </site>
    <route>
      <coding>
        <system value="http://snomed.info/sct"/>
        <code value="394899003"/>
        <display value="oral administration of treatment"/>
      </coding>
    </route>
    <doseQuantity>
      <value value="5"/>
      <unit value="ml"/>
      <system value="http://unitsofmeasure.org"/>
      <code value="ml"/>
    </doseQuantity>
  </dosageInstruction>
  <dispenseRequest>
    <quantity>
      <value value="100"/>
      <unit value="ml"/>
      <system value="http://unitsofmeasure.org"/>
      <code value="ml"/>
    </quantity>
  </dispenseRequest>
</MedicationRequest>