<?xml version="1.0" encoding="UTF-8"?>

<Medication xmlns="http://hl7.org/fhir">
  <id value="qicore-medication-example"/>
  <text>
    <status value="generated"/><div xmlns="http://www.w3.org/1999/xhtml"><p> <strong> Generated Narrative with Details</strong> </p>
      <p> <strong> id</strong> : med0303</p> <p> <strong> contained</strong> : </p>
      <p> <strong> code</strong> : Alemtuzumab 10mg/ml (Lemtrada) <span> (Details : {RxNorm code '1594660' = '1594660', given as 'Alemtuzumab 10mg/ml (Lemtrada)'})</span> </p>
      <p> <strong> isBrand</strong> : true</p>
      <p> <strong> manufacturer</strong> : id: org6; name: Genzyme</p>
      <p> <strong> form</strong> : Injection solution (qualifier vallue) <span> (Details : {SNOMED CT code '385219001' = 'Injection solution', given as 'Injection solution (qualifier vallue)'})</span> </p>
      <h3> Ingredients</h3> <table>
        <tr>
          <td> -</td>
          <td> <strong> ItemReference</strong> </td>
          <td> <strong> isActive</strong> </td>
          <td> <strong> Amount</strong> </td>
        </tr>
        <tr>
          <td> *</td>
          <td> Alemtuzamab (substance) <span> (Details : {SNOMED CT code '129472003' = 'Alemtuzumab', given as 'Alemtuzamab (substance)'})</span> </td>
          <td> 12 mg<span>  (Details: UCUM code mg = 'mg')</span> /1.2 mL<span>  (Details: UCUM code mL = 'mL')</span> </td>
        </tr>
      </table>
      <blockquote>
        <p> <strong> package</strong> </p>
        <p> <strong> container</strong> : Vial <span> (Details : {SNOMED CT code '415818006' = 'Vial', given as 'Vial'})</span> </p>
        <h3> Contents</h3>
        <table>
          <tr>
            <td> -</td>
            <td> <strong> Item[x]</strong> </td>
            <td> <strong> Amount</strong> </td>
          </tr>
          <tr>
            <td> *</td>
            <td> Alemtuzumab 30mg/3mL infusion concentrate (product) <span> (Details : {SNOMED CT code '408596005' = 'Alemtuzumab 30mg/3mL infusion concentrate', given as 'Alemtuzumab 30mg/3mL infusion concentrate (product)'})</span> </td>
            <td> 3 mL<span>  (Details: UCUM code mL = 'mL')</span> </td>
          </tr>
        </table>
        <h3> Batches</h3>
        <table>
          <tr>
            <td> -</td>
            <td> <strong> LotNumber</strong> </td>
            <td> <strong> ExpirationDate</strong></td>
          </tr>
          <tr>
            <td> *</td>
            <td> 9494788</td>
            <td> 22/05/2017</td>
          </tr>
        </table>
      </blockquote>
    </div>
  </text>
  <code>
    <coding>
      <system value="http://www.nlm.nih.gov/research/umls/rxnorm"/>
      <code value="1594660"/>
      <display value="Alemtuzumab 10mg/ml (Lemtrada)"/>
    </coding>
  </code>
  <isBrand value="true"/>
  <manufacturer>
    <reference value="Organization/example"/>
  </manufacturer>
  <form>
    <coding>
      <system value="http://snomed.info/sct"/>
      <code value="385219001"/>
      <display value="Injection solution (qualifier value)"/>
    </coding>
  </form>
  <ingredient>
    <itemReference>
      <reference value="Substance/example"/>
    </itemReference>
    <isActive value="true"/>
    <amount>
      <numerator>
        <value value="12"/>
        <system value="http://unitsofmeasure.org"/>
        <code value="mg"/>
      </numerator>
      <denominator>
        <value value="1.2"/>
        <system value="http://unitsofmeasure.org"/>
        <code value="mL"/>
      </denominator>
    </amount>
  </ingredient>
  <package>
    <container>
      <coding>
        <system value="http://snomed.info/sct"/>
        <code value="415818006"/>
        <display value="Vial"/>
      </coding>
    </container>
    <content>
      <itemCodeableConcept>
        <coding>
          <system value="http://snomed.info/sct"/>
          <code value="408596005"/>
          <display value="Alemtuzumab 30mg/3mL infusion concentrate (product)"/>
        </coding>
      </itemCodeableConcept>
      <amount>
        <value value="3"/>
        <system value="http://unitsofmeasure.org"/>
        <code value="mL"/>
      </amount>
    </content>
    <batch>
      <lotNumber value="9494788"/>
      <expirationDate value="2017-05-22"/>
    </batch>
  </package>
</Medication>