<?xml version="1.0" encoding="UTF-8"?>

<Practitioner xmlns="http://hl7.org/fhir">
  <id value="qicore-practitioner-example"/>
  <text>
    <status value="generated"/><div xmlns="http://www.w3.org/1999/xhtml">
      <p> Dr Adam Careful is a Referring Practitioner for Acme Hospital from 1-Jan 2012 to 31-Mar
        2012</p>
    </div>
  </text>
  <identifier>
    <system value="http://www.acme.org/practitioners"/>
    <value value="23"/>
  </identifier>
  <active value="true"/>
  <name>
    <family value="Careful"/>
    <given value="Adam"/>
    <prefix value="Dr"/>
  </name>
  <address>
    <use value="home"/>
    <line value="534 Erewhon St"/>
    <city value="PleasantVille"/>
    <state value="Vic"/>
    <postalCode value="3999"/>
  </address>
  <qualification>
    <identifier>
      <system value="http://example.org/UniversityIdentifier"/>
      <value value="12345"/>
    </identifier>
    <code>
      <coding>
        <system value="http://hl7.org/fhir/v2/0360/2.7"/>
        <code value="BS"/>
        <display value="Bachelor of Science"/>
      </coding>
      <text value="Bachelor of Science"/>
    </code>
    <period>
      <start value="1995"/>
    </period>
    <issuer>
      <display value="Example University"/>
    </issuer>
  </qualification>
</Practitioner>