<?xml version="1.0" encoding="UTF-8"?>

<ProcedureRequest xmlns="http://hl7.org/fhir">
  <id value="qicore-procedurerequest-example"/>
  <text>
    <status value="generated"/><div xmlns="http://www.w3.org/1999/xhtml">Request for Routine Appendectomy</div>
  </text>
  <extension url="http://hl7.org/fhir/StructureDefinition/procedurerequest-authorizedBy">
    <valueReference>
      <reference value="Practitioner/example"/>
    </valueReference>
  </extension>
  <status value="completed"/>
  <intent value="order"/>
  <priority value="urgent"/>
  <code>
    <coding>
      <system value="http://snomed.info/sct"/>
      <code value="80146002"/>
      <display value="Appendectomy (Procedure)"/>
    </coding>
    <text value="Appendectomy"/>
  </code>
  <subject>
    <reference value="Patient/example"/>
  </subject>
  <context>
    <reference value="Encounter/example"/>
  </context>
  <occurrenceDateTime value="2013-04-05"/>
  <asNeededBoolean value="true"/>
  <authoredOn value="2013-04-04"/>
  <reasonCode>
    <coding>
      <system value="http://snomed.info/sct"/>
      <code value="163220003"/>
      <display value="On examination - abdominal pain - right iliac"/>
    </coding>
  </reasonCode>
  <bodySite>
    <coding>
      <system value="http://snomed.info/sct"/>
      <code value="66754008"/>
      <display value="Appendix structure"/>
    </coding>
  </bodySite>
</ProcedureRequest>