<?xml version="1.0" encoding="UTF-8"?>

<ValueSet xmlns="http://hl7.org/fhir">
  <id value="qicore-encounter-class"/>
  <text>
    <status value="generated"/><div xmlns="http://www.w3.org/1999/xhtml"><h2>ActEncounterCode</h2><div><p>Domain provides codes that qualify the ActEncounterClass (ENC)</p>
</div><p>This value set includes codes from the following code systems:</p><ul><li>Include these codes as defined in <a href="http://hl7.org/fhir/STU3/v3/ActCode/cs.html"><code>http://hl7.org/fhir/v3/ActCode</code></a><table class="none"><tr><td><b>Code</b></td><td><b>Display</b></td></tr><tr><td><a href="http://hl7.org/fhir/STU3/v3/ActCode/cs.html#v3-ActCode-OBS">OBS</a></td><td>Observation Status</td><td>Provision of care of women during pregnancy, childbirth and immediate postpartum period.  Also known as Maternity.</td></tr></table>Include codes from <a href="http://hl7.org/fhir/STU3/v3/ActCode/cs.html"><code>http://hl7.org/fhir/v3/ActCode</code></a> where concept  is-a  <a href="http://hl7.org/fhir/STU3/v3/ActCode/cs.html#v3-ActCode-_ActEncounterCode">_ActEncounterCode</a></li><li>Exclude these codes as defined in <a href="http://hl7.org/fhir/STU3/v3/ActCode/cs.html"><code>http://hl7.org/fhir/v3/ActCode</code></a><table class="none"><tr><td><b>Code</b></td><td><b>Display</b></td></tr><tr><td><a href="http://hl7.org/fhir/STU3/v3/ActCode/cs.html#v3-ActCode-_ActEncounterCode">_ActEncounterCode</a></td><td>ActEncounterCode</td><td>Domain provides codes that qualify the ActEncounterClass (ENC)</td></tr></table></li></ul></div>
  </text>
  <extension url="http://hl7.org/fhir/StructureDefinition/structuredefinition-ballot-status">
    <valueString value="External"/>
  </extension>
  <extension url="http://hl7.org/fhir/StructureDefinition/structuredefinition-fmm">
    <valueInteger value="2"/>
  </extension>
  <extension url="http://hl7.org/fhir/StructureDefinition/structuredefinition-wg">
    <valueCode value="pa"/>
  </extension>
  <url value="http://hl7.org/fhir/us/qicore/ValueSet/qicore-encounter-class"/>
  <identifier>
    <system value="urn:ietf:rfc:3986"/>
    <value value="urn:oid:2.16.840.1.113883.1.11.13955"/>
  </identifier>
  <version value="2014-03-26"/>
  <name value="ActEncounterCode"/>
  <status value="active"/>
  <experimental value="false"/>
  <date value="2017-10-18T21:00:42+00:00"/>
  <publisher value="HL7 v3"/>
  <contact>
    <telecom>
      <system value="url"/>
      <value value="http://www.hl7.org"/>
    </telecom>
  </contact>
  <description value=" Domain provides codes that qualify the ActEncounterClass (ENC)"/>
  <immutable value="false"/>
  <compose>
    <include>
      <system value="http://hl7.org/fhir/v3/ActCode"/>
      <concept>
        <code value="OBS"/>
        <display value="Observation Status"/>
      </concept>
      <filter>
        <property value="concept"/>
        <op value="is-a"/>
        <value value="_ActEncounterCode"/>
      </filter>
    </include>
    <exclude>
      <system value="http://hl7.org/fhir/v3/ActCode"/>
      <concept>
        <code value="_ActEncounterCode"/>
      </concept>
    </exclude>
  </compose>
</ValueSet>