<?xml version="1.0" encoding="UTF-8"?>

<ValueSet xmlns="http://hl7.org/fhir">
  <id value="qicore-condition-certainty"/>
  <text>
    <status value="generated"/><div xmlns="http://www.w3.org/1999/xhtml"><h2>Condition/Diagnosis Certainty</h2><div><p>Example value set for Condition/Problem/Diagnosis certainty</p>
</div><p><b>Copyright Statement:</b> This value set includes content from SNOMED CT, which is copyright © 2002+ International Health Terminology Standards Development Organisation (IHTSDO), and distributed by agreement between IHTSDO and HL7. Implementer use of SNOMED CT is not covered by this agreement</p><p>This value set includes codes from the following code systems:</p><ul><li>Include codes from <a href="http://www.snomed.org/"><code>http://snomed.info/sct</code></a> where concept  is-a  36692007 (Known)</li></ul></div>
  </text>
  <url value="http://hl7.org/fhir/us/qicore/ValueSet/qicore-condition-certainty"/>
  <name value="Condition/Diagnosis Certainty"/>
  <status value="draft"/>
  <date value="2017-10-18T21:00:42+00:00"/>
  <publisher value="FHIR Project team"/>
  <contact>
    <telecom>
      <system value="other"/>
      <value value="http://hl7.org/fhir"/>
    </telecom>
  </contact>
  <description value="Example value set for Condition/Problem/Diagnosis certainty"/>
  <copyright value="This value set includes content from SNOMED CT, which is copyright &#xA9; 2002+ International Health Terminology Standards Development Organisation (IHTSDO), and distributed by agreement between IHTSDO and HL7. Implementer use of SNOMED CT is not covered by this agreement"/>
  <compose>
    <include>
      <system value="http://snomed.info/sct"/>
      <filter>
        <property value="concept"/>
        <op value="is-a"/>
        <value value="36692007"/>
      </filter>
    </include>
  </compose>
</ValueSet>