<?xml version="1.0" encoding="UTF-8"?>

<ValueSet xmlns="http://hl7.org/fhir">
  <id value="qicore-military-service"/>
  <meta>
    <profile value="http://hl7.org/fhir/StructureDefinition/valueset-shareable-definition"/>
  </meta>
  <text>
    <status value="generated"/><div xmlns="http://www.w3.org/1999/xhtml"><h2>Military Service Codes</h2><div><p>Value Set for Military Service (Example)</p>
</div><p>This value set includes codes from the following code systems:</p><ul><li>Include all codes defined in <a href="codesystem-qicore-military-service.html"><code>http://hl7.org/fhir/us/qicore/CodeSystem/qicore-military-service</code></a></li></ul></div>
  </text>
  <url value="http://hl7.org/fhir/us/qicore/ValueSet/qicore-military-service"/>
  <name value="Military Service Codes"/>
  <status value="draft"/>
  <date value="2017-10-18T21:00:42+00:00"/>
  <publisher value="HL7 Clinical Quality Information (CQI) Work Group"/>
  <contact>
    <telecom>
      <system value="other"/>
      <value value="http://www.hl7.org/Special/committees/cqi"/>
    </telecom>
  </contact>
  <description value="Value Set for Military Service (Example)"/>
  <compose>
    <include>
      <system value="http://hl7.org/fhir/us/qicore/CodeSystem/qicore-military-service"/>
    </include>
  </compose>
</ValueSet>