<?xml version="1.0" encoding="UTF-8"?>

<ValueSet xmlns="http://hl7.org/fhir">
  <id value="qicore-observation-delta"/>
  <text>
    <status value="generated"/><div xmlns="http://www.w3.org/1999/xhtml"><h2>QICore Observation Delta Value Set Definition</h2><div><p>Code indicating how the current observation compares to previous observations - e.g., no change, rising trend, decreasing trend, etc...</p>
</div><p>This value set includes codes from the following code systems:</p><ul><li>Include these codes as defined in <a href="http://hl7.org/fhir/STU3/v2/0078/index.html"><code>http://hl7.org/fhir/v2/0078</code></a><table class="none"><tr><td><b>Code</b></td><td><b>Display</b></td></tr><tr><td><a href="http://hl7.org/fhir/STU3/v2/0078/index.html#v2-0078-B">B</a></td><td>Better-use when direction not relevant</td><td/></tr><tr><td><a href="http://hl7.org/fhir/STU3/v2/0078/index.html#v2-0078-D">D</a></td><td>Significant change down</td><td/></tr><tr><td><a href="http://hl7.org/fhir/STU3/v2/0078/index.html#v2-0078-U">U</a></td><td>Significant change up</td><td/></tr><tr><td><a href="http://hl7.org/fhir/STU3/v2/0078/index.html#v2-0078-W">W</a></td><td>Worse-use when direction not relevant</td><td/></tr></table></li></ul></div>
  </text>
  <url value="http://hl7.org/fhir/us/qicore/ValueSet/qicore-observation-delta"/>
  <version value="0.02"/>
  <name value="QICore Observation Delta Value Set Definition"/>
  <status value="draft"/>
  <experimental value="true"/>
  <date value="2015-02-09"/>
  <publisher value="HL7 Clinical Quality Information (CQI) Work Group"/>
  <contact>
    <telecom>
      <system value="other"/>
      <value value="http://www.hl7.org/Special/committees/cqi"/>
    </telecom>
  </contact>
  <description value="Code indicating how the current observation compares to previous observations - e.g., no change, rising trend, decreasing trend, etc..."/>
  <extensible value="true"/>
  <compose>
    <include>
      <system value="http://hl7.org/fhir/v2/0078"/>
      <concept>
        <code value="B"/>
        <display value="Better-use when direction not relevant"/>
      </concept>
      <concept>
        <code value="D"/>
        <display value="Significant change down"/>
      </concept>
      <concept>
        <code value="U"/>
        <display value="Significant change up"/>
      </concept>
      <concept>
        <code value="W"/>
        <display value="Worse-use when direction not relevant"/>
      </concept>
    </include>
  </compose>
</ValueSet>