<?xml version="1.0" encoding="UTF-8"?>

<ValueSet xmlns="http://hl7.org/fhir">
  <id value="qicore-condition-criticality"/>
  <meta>
    <profile value="http://hl7.org/fhir/StructureDefinition/shareablevalueset"/>
  </meta>
  <text>
    <status value="generated"/><div xmlns="http://www.w3.org/1999/xhtml"><h2>QICore Condition Criticality Codes</h2><div><p>Value Set for QICore Condition Criticality (Example)</p>
</div><p>This value set includes codes from the following code systems:</p><ul><li>Include all codes defined in <code>http://hl7.org/fhir/us/qicore/ValueSet/qicore-condition-criticality</code></li></ul></div>
  </text>
  <url value="http://hl7.org/fhir/us/qicore/ValueSet/qicore-condition-criticality"/>
  <version value="0.02"/>
  <name value="QICore Condition Criticality Codes"/>
  <status value="draft"/>
  <experimental value="true"/>
  <date value="2017-10-18T21:00:42+00:00"/>
  <publisher value="HL7 Clinical Quality Information (CQI) Work Group"/>
  <contact>
    <telecom>
      <system value="other"/>
      <value value="http://www.hl7.org/Special/committees/cqi"/>
    </telecom>
  </contact>
  <description value="Value Set for QICore Condition Criticality (Example)"/>
  <compose>
    <include>
      <system value="http://hl7.org/fhir/us/qicore/ValueSet/qicore-condition-criticality"/>
    </include>
  </compose>
</ValueSet>