<?xml version="1.0" encoding="UTF-8"?>

<ValueSet xmlns="http://hl7.org/fhir">
  <id value="qicore-condition-stage"/>
  <text>
    <status value="generated"/><div xmlns="http://www.w3.org/1999/xhtml"><h2>Disease Stage Value Set</h2><div><p>A period or phase in the course of a disease, or the degree of involvement or severity of a disease. Stage acts as a qualifier for the condition.</p>
</div><p><b>Copyright Statement:</b> This value set includes content from SNOMED CT, which is copyright © 2002+ International Health Terminology Standards Development Organisation (IHTSDO), and distributed by agreement between IHTSDO and HL7. Implementer use of SNOMED CT is not covered by this agreement</p><p>This value set includes codes from the following code systems:</p><ul><li>Include codes from <a href="http://www.snomed.org/"><code>http://snomed.info/sct</code></a> where concept  is-a  261612004 (Stages)</li></ul></div>
  </text>
  <url value="http://hl7.org/fhir/us/qicore/ValueSet/qicore-condition-stage"/>
  <name value="Disease Stage Value Set"/>
  <status value="active"/>
  <date value="2017-10-18T21:00:42+00:00"/>
  <publisher value="Health Level Seven, Inc. - CQI WG"/>
  <contact>
    <telecom>
      <system value="other"/>
      <value value="http://hl7.org/special/committees/CQI"/>
    </telecom>
  </contact>
  <description value="A period or phase in the course of a disease, or the degree of involvement or severity of a disease. Stage acts as a qualifier for the condition."/>
  <copyright value="This value set includes content from SNOMED CT, which is copyright &#xA9; 2002+ International Health Terminology Standards Development Organisation (IHTSDO), and distributed by agreement between IHTSDO and HL7. Implementer use of SNOMED CT is not covered by this agreement"/>
  <compose>
    <include>
      <system value="http://snomed.info/sct"/>
      <filter>
        <property value="concept"/>
        <op value="is-a"/>
        <value value="261612004"/>
      </filter>
    </include>
  </compose>
</ValueSet>