<?xml version="1.0" encoding="UTF-8"?><StructureDefinition xmlns="http://hl7.org/fhir"><id value="qicore-referralrequest"/><text><status value="generated"/><div xmlns="http://www.w3.org/1999/xhtml"><table border="0" cellpadding="0" cellspacing="0" style="border: 0px #F0F0F0 solid; font-size: 11px; font-family: verdana; vertical-align: top;"><tr style="border: 1px #F0F0F0 solid; font-size: 11px; font-family: verdana; vertical-align: top;"><th style="vertical-align: top; text-align : left; background-color: white; border: 0px #F0F0F0 solid; padding:0px 4px 0px 4px" class="hierarchy"><a href="http://hl7.org/fhir/STU3/formats.html#table" title="The logical name of the element">Name</a></th><th style="vertical-align: top; text-align : left; background-color: white; border: 0px #F0F0F0 solid; padding:0px 4px 0px 4px" class="hierarchy"><a href="http://hl7.org/fhir/STU3/formats.html#table" title="Information about the use of the element">Flags</a></th><th style="vertical-align: top; text-align : left; background-color: white; border: 0px #F0F0F0 solid; padding:0px 4px 0px 4px" class="hierarchy"><a href="http://hl7.org/fhir/STU3/formats.html#table" title="Minimum and Maximum # of times the the element can appear in the instance">Card.</a></th><th style="width: 100px" class="hierarchy"><a href="http://hl7.org/fhir/STU3/formats.html#table" title="Reference to the type of the element">Type</a></th><th style="vertical-align: top; text-align : left; background-color: white; border: 0px #F0F0F0 solid; padding:0px 4px 0px 4px" class="hierarchy"><a href="http://hl7.org/fhir/STU3/formats.html#table" title="Additional information about the element">Description &amp; Constraints</a><span style="float: right"><a href="http://hl7.org/fhir/STU3/formats.html#table" title="Legend for this format"><img src="http://hl7.org/fhir/STU3/help16.png" alt="doco" style="background-color: inherit"/></a></span></th></tr><tr style="border: 0px #F0F0F0 solid; padding:0px; vertical-align: top; background-color: white;"><td style="vertical-align: top; text-align : left; background-color: white; border: 0px #F0F0F0 solid; padding:0px 4px 0px 4px; white-space: nowrap; background-image: url(tbl_bck1.png)" class="hierarchy"><img src="tbl_spacer.png" alt="." style="background-color: inherit" class="hierarchy"/><img src="icon_element.gif" alt="." style="background-color: white; background-color: inherit" title="Element" class="hierarchy"/> <a href="qicore-referralrequest-definitions.html#ReferralRequest:qicore-referralrequest" title="Slice QICore-ReferralRequest: ">ReferralRequest</a><a name="ReferralRequest"> </a></td><td style="vertical-align: top; text-align : left; background-color: white; border: 0px #F0F0F0 solid; padding:0px 4px 0px 4px" class="hierarchy"/><td style="vertical-align: top; text-align : left; background-color: white; border: 0px #F0F0F0 solid; padding:0px 4px 0px 4px" class="hierarchy"><span style="opacity: 0.4">0</span><span style="opacity: 0.5">..</span><span style="opacity: 0.4">*</span></td><td style="vertical-align: top; text-align : left; background-color: white; border: 0px #F0F0F0 solid; padding:0px 4px 0px 4px" class="hierarchy"/><td style="vertical-align: top; text-align : left; background-color: white; border: 0px #F0F0F0 solid; padding:0px 4px 0px 4px" class="hierarchy"/></tr>
<tr style="border: 0px #F0F0F0 solid; padding:0px; vertical-align: top; background-color: white;"><td style="vertical-align: top; text-align : left; background-color: white; border: 0px #F0F0F0 solid; padding:0px 4px 0px 4px; white-space: nowrap; background-image: url(tbl_bck10.png)" class="hierarchy"><img src="tbl_spacer.png" alt="." style="background-color: inherit" class="hierarchy"/><img src="tbl_vjoin.png" alt="." style="background-color: inherit" class="hierarchy"/><img src="icon_element.gif" alt="." style="background-color: white; background-color: inherit" title="Element" class="hierarchy"/> <a href="qicore-referralrequest-definitions.html#ReferralRequest:qicore-referralrequest.status">status</a><a name="ReferralRequest.status"> </a></td><td style="vertical-align: top; text-align : left; background-color: white; border: 0px #F0F0F0 solid; padding:0px 4px 0px 4px" class="hierarchy"><span style="padding: 3px; color: white; background-color: red" title="This element must be supported">S</span></td><td style="vertical-align: top; text-align : left; background-color: white; border: 0px #F0F0F0 solid; padding:0px 4px 0px 4px" class="hierarchy"><span style="opacity: 0.4">1</span><span style="opacity: 0.5">..</span><span style="opacity: 0.4">1</span></td><td style="vertical-align: top; text-align : left; background-color: white; border: 0px #F0F0F0 solid; padding:0px 4px 0px 4px" class="hierarchy"><a style="opacity: 0.4" href="http://hl7.org/fhir/STU3/datatypes.html#code">code</a></td><td style="vertical-align: top; text-align : left; background-color: white; border: 0px #F0F0F0 solid; padding:0px 4px 0px 4px" class="hierarchy"/></tr>
<tr style="border: 0px #F0F0F0 solid; padding:0px; vertical-align: top; background-color: white;"><td style="vertical-align: top; text-align : left; background-color: white; border: 0px #F0F0F0 solid; padding:0px 4px 0px 4px; white-space: nowrap; background-image: url(tbl_bck10.png)" class="hierarchy"><img src="tbl_spacer.png" alt="." style="background-color: inherit" class="hierarchy"/><img src="tbl_vjoin.png" alt="." style="background-color: inherit" class="hierarchy"/><img src="icon_element.gif" alt="." style="background-color: white; background-color: inherit" title="Element" class="hierarchy"/> <a href="qicore-referralrequest-definitions.html#ReferralRequest:qicore-referralrequest.type">type</a><a name="ReferralRequest.type"> </a></td><td style="vertical-align: top; text-align : left; background-color: white; border: 0px #F0F0F0 solid; padding:0px 4px 0px 4px" class="hierarchy"><span style="padding: 3px; color: white; background-color: red" title="This element must be supported">S</span></td><td style="vertical-align: top; text-align : left; background-color: white; border: 0px #F0F0F0 solid; padding:0px 4px 0px 4px" class="hierarchy"><span style="opacity: 0.4">0</span><span style="opacity: 0.5">..</span><span style="opacity: 0.4">1</span></td><td style="vertical-align: top; text-align : left; background-color: white; border: 0px #F0F0F0 solid; padding:0px 4px 0px 4px" class="hierarchy"><a style="opacity: 0.4" href="http://hl7.org/fhir/STU3/datatypes.html#CodeableConcept">CodeableConcept</a></td><td style="vertical-align: top; text-align : left; background-color: white; border: 0px #F0F0F0 solid; padding:0px 4px 0px 4px" class="hierarchy"/></tr>
<tr style="border: 0px #F0F0F0 solid; padding:0px; vertical-align: top; background-color: white;"><td style="vertical-align: top; text-align : left; background-color: white; border: 0px #F0F0F0 solid; padding:0px 4px 0px 4px; white-space: nowrap; background-image: url(tbl_bck10.png)" class="hierarchy"><img src="tbl_spacer.png" alt="." style="background-color: inherit" class="hierarchy"/><img src="tbl_vjoin.png" alt="." style="background-color: inherit" class="hierarchy"/><img src="icon_element.gif" alt="." style="background-color: white; background-color: inherit" title="Element" class="hierarchy"/> <a href="qicore-referralrequest-definitions.html#ReferralRequest:qicore-referralrequest.priority">priority</a><a name="ReferralRequest.priority"> </a></td><td style="vertical-align: top; text-align : left; background-color: white; border: 0px #F0F0F0 solid; padding:0px 4px 0px 4px" class="hierarchy"><span style="padding: 3px; color: white; background-color: red" title="This element must be supported">S</span></td><td style="vertical-align: top; text-align : left; background-color: white; border: 0px #F0F0F0 solid; padding:0px 4px 0px 4px" class="hierarchy"><span style="opacity: 0.4">0</span><span style="opacity: 0.5">..</span><span style="opacity: 0.4">1</span></td><td style="vertical-align: top; text-align : left; background-color: white; border: 0px #F0F0F0 solid; padding:0px 4px 0px 4px" class="hierarchy"><a style="opacity: 0.4" href="http://hl7.org/fhir/STU3/datatypes.html#code">code</a></td><td style="vertical-align: top; text-align : left; background-color: white; border: 0px #F0F0F0 solid; padding:0px 4px 0px 4px" class="hierarchy"/></tr>
<tr style="border: 0px #F0F0F0 solid; padding:0px; vertical-align: top; background-color: white;"><td style="vertical-align: top; text-align : left; background-color: white; border: 0px #F0F0F0 solid; padding:0px 4px 0px 4px; white-space: nowrap; background-image: url(tbl_bck10.png)" class="hierarchy"><img src="tbl_spacer.png" alt="." style="background-color: inherit" class="hierarchy"/><img src="tbl_vjoin.png" alt="." style="background-color: inherit" class="hierarchy"/><img src="icon_element.gif" alt="." style="background-color: white; background-color: inherit" title="Element" class="hierarchy"/> <a href="qicore-referralrequest-definitions.html#ReferralRequest:qicore-referralrequest.serviceRequested">serviceRequested</a><a name="ReferralRequest.serviceRequested"> </a></td><td style="vertical-align: top; text-align : left; background-color: white; border: 0px #F0F0F0 solid; padding:0px 4px 0px 4px" class="hierarchy"><span style="padding: 3px; color: white; background-color: red" title="This element must be supported">S</span></td><td style="vertical-align: top; text-align : left; background-color: white; border: 0px #F0F0F0 solid; padding:0px 4px 0px 4px" class="hierarchy"><span style="opacity: 0.4">0</span><span style="opacity: 0.5">..</span><span style="opacity: 0.4">*</span></td><td style="vertical-align: top; text-align : left; background-color: white; border: 0px #F0F0F0 solid; padding:0px 4px 0px 4px" class="hierarchy"><a style="opacity: 0.4" href="http://hl7.org/fhir/STU3/datatypes.html#CodeableConcept">CodeableConcept</a></td><td style="vertical-align: top; text-align : left; background-color: white; border: 0px #F0F0F0 solid; padding:0px 4px 0px 4px" class="hierarchy"/></tr>
<tr style="border: 0px #F0F0F0 solid; padding:0px; vertical-align: top; background-color: white;"><td style="vertical-align: top; text-align : left; background-color: white; border: 0px #F0F0F0 solid; padding:0px 4px 0px 4px; white-space: nowrap; background-image: url(tbl_bck10.png)" class="hierarchy"><img src="tbl_spacer.png" alt="." style="background-color: inherit" class="hierarchy"/><img src="tbl_vjoin.png" alt="." style="background-color: inherit" class="hierarchy"/><img src="icon_reference.png" alt="." style="background-color: white; background-color: inherit" title="Reference to another Resource" class="hierarchy"/> <a href="qicore-referralrequest-definitions.html#ReferralRequest:qicore-referralrequest.subject">subject</a><a name="ReferralRequest.subject"> </a></td><td style="vertical-align: top; text-align : left; background-color: white; border: 0px #F0F0F0 solid; padding:0px 4px 0px 4px" class="hierarchy"><span style="padding: 3px; color: white; background-color: red" title="This element must be supported">S</span></td><td style="vertical-align: top; text-align : left; background-color: white; border: 0px #F0F0F0 solid; padding:0px 4px 0px 4px" class="hierarchy"><span style="opacity: 0.4">1</span><span style="opacity: 0.5">..</span><span style="opacity: 0.4">1</span></td><td style="vertical-align: top; text-align : left; background-color: white; border: 0px #F0F0F0 solid; padding:0px 4px 0px 4px" class="hierarchy"><a href="http://hl7.org/fhir/STU3/references.html">Reference</a>(<a href="qicore-patient.html">QICore-Patient</a>), <a href="http://hl7.org/fhir/STU3/references.html">Reference</a>(<a href="http://hl7.org/fhir/STU3/group.html">Group</a>)</td><td style="vertical-align: top; text-align : left; background-color: white; border: 0px #F0F0F0 solid; padding:0px 4px 0px 4px" class="hierarchy"/></tr>
<tr style="border: 0px #F0F0F0 solid; padding:0px; vertical-align: top; background-color: white;"><td style="vertical-align: top; text-align : left; background-color: white; border: 0px #F0F0F0 solid; padding:0px 4px 0px 4px; white-space: nowrap; background-image: url(tbl_bck10.png)" class="hierarchy"><img src="tbl_spacer.png" alt="." style="background-color: inherit" class="hierarchy"/><img src="tbl_vjoin.png" alt="." style="background-color: inherit" class="hierarchy"/><img src="icon_reference.png" alt="." style="background-color: white; background-color: inherit" title="Reference to another Resource" class="hierarchy"/> <a href="qicore-referralrequest-definitions.html#ReferralRequest:qicore-referralrequest.context">context</a><a name="ReferralRequest.context"> </a></td><td style="vertical-align: top; text-align : left; background-color: white; border: 0px #F0F0F0 solid; padding:0px 4px 0px 4px" class="hierarchy"><span style="padding: 3px; color: white; background-color: red" title="This element must be supported">S</span></td><td style="vertical-align: top; text-align : left; background-color: white; border: 0px #F0F0F0 solid; padding:0px 4px 0px 4px" class="hierarchy"><span style="opacity: 0.4">0</span><span style="opacity: 0.5">..</span><span style="opacity: 0.4">1</span></td><td style="vertical-align: top; text-align : left; background-color: white; border: 0px #F0F0F0 solid; padding:0px 4px 0px 4px" class="hierarchy"><a href="http://hl7.org/fhir/STU3/references.html">Reference</a>(<a href="qicore-referralrequest.html">QICore-ReferralRequest</a>), <a href="http://hl7.org/fhir/STU3/references.html">Reference</a>(<a href="http://hl7.org/fhir/STU3/episodeofcare.html">EpisodeOfCare</a>)</td><td style="vertical-align: top; text-align : left; background-color: white; border: 0px #F0F0F0 solid; padding:0px 4px 0px 4px" class="hierarchy"/></tr>
<tr style="border: 0px #F0F0F0 solid; padding:0px; vertical-align: top; background-color: white;"><td style="vertical-align: top; text-align : left; background-color: white; border: 0px #F0F0F0 solid; padding:0px 4px 0px 4px; white-space: nowrap; background-image: url(tbl_bck10.png)" class="hierarchy"><img src="tbl_spacer.png" alt="." style="background-color: inherit" class="hierarchy"/><img src="tbl_vjoin.png" alt="." style="background-color: inherit" class="hierarchy"/><img src="icon_element.gif" alt="." style="background-color: white; background-color: inherit" title="Element" class="hierarchy"/> <a href="qicore-referralrequest-definitions.html#ReferralRequest:qicore-referralrequest.occurrence[x]">occurrence[x]</a><a name="ReferralRequest.occurrence_x_"> </a></td><td style="vertical-align: top; text-align : left; background-color: white; border: 0px #F0F0F0 solid; padding:0px 4px 0px 4px" class="hierarchy"><span style="padding: 3px; color: white; background-color: red" title="This element must be supported">S</span></td><td style="vertical-align: top; text-align : left; background-color: white; border: 0px #F0F0F0 solid; padding:0px 4px 0px 4px" class="hierarchy"><span style="opacity: 0.4">0</span><span style="opacity: 0.5">..</span><span style="opacity: 0.4">1</span></td><td style="vertical-align: top; text-align : left; background-color: white; border: 0px #F0F0F0 solid; padding:0px 4px 0px 4px" class="hierarchy"><a style="opacity: 0.4" href="http://hl7.org/fhir/STU3/datatypes.html#dateTime">dateTime</a><span style="opacity: 0.4">, </span><a style="opacity: 0.4" href="http://hl7.org/fhir/STU3/datatypes.html#Period">Period</a></td><td style="vertical-align: top; text-align : left; background-color: white; border: 0px #F0F0F0 solid; padding:0px 4px 0px 4px" class="hierarchy"/></tr>
<tr style="border: 0px #F0F0F0 solid; padding:0px; vertical-align: top; background-color: white;"><td style="vertical-align: top; text-align : left; background-color: white; border: 0px #F0F0F0 solid; padding:0px 4px 0px 4px; white-space: nowrap; background-image: url(tbl_bck10.png)" class="hierarchy"><img src="tbl_spacer.png" alt="." style="background-color: inherit" class="hierarchy"/><img src="tbl_vjoin.png" alt="." style="background-color: inherit" class="hierarchy"/><img src="icon_element.gif" alt="." style="background-color: white; background-color: inherit" title="Element" class="hierarchy"/> <a href="qicore-referralrequest-definitions.html#ReferralRequest:qicore-referralrequest.authoredOn">authoredOn</a><a name="ReferralRequest.authoredOn"> </a></td><td style="vertical-align: top; text-align : left; background-color: white; border: 0px #F0F0F0 solid; padding:0px 4px 0px 4px" class="hierarchy"><span style="padding: 3px; color: white; background-color: red" title="This element must be supported">S</span></td><td style="vertical-align: top; text-align : left; background-color: white; border: 0px #F0F0F0 solid; padding:0px 4px 0px 4px" class="hierarchy"><span style="opacity: 0.4">0</span><span style="opacity: 0.5">..</span><span style="opacity: 0.4">1</span></td><td style="vertical-align: top; text-align : left; background-color: white; border: 0px #F0F0F0 solid; padding:0px 4px 0px 4px" class="hierarchy"><a style="opacity: 0.4" href="http://hl7.org/fhir/STU3/datatypes.html#dateTime">dateTime</a></td><td style="vertical-align: top; text-align : left; background-color: white; border: 0px #F0F0F0 solid; padding:0px 4px 0px 4px" class="hierarchy"/></tr>
<tr style="border: 0px #F0F0F0 solid; padding:0px; vertical-align: top; background-color: white;"><td style="vertical-align: top; text-align : left; background-color: white; border: 0px #F0F0F0 solid; padding:0px 4px 0px 4px; white-space: nowrap; background-image: url(tbl_bck10.png)" class="hierarchy"><img src="tbl_spacer.png" alt="." style="background-color: inherit" class="hierarchy"/><img src="tbl_vjoin.png" alt="." style="background-color: inherit" class="hierarchy"/><img src="icon_datatype.gif" alt="." style="background-color: white; background-color: inherit" title="Data Type" class="hierarchy"/> <a href="qicore-referralrequest-definitions.html#ReferralRequest:qicore-referralrequest.requester">requester</a><a name="ReferralRequest.requester"> </a></td><td style="vertical-align: top; text-align : left; background-color: white; border: 0px #F0F0F0 solid; padding:0px 4px 0px 4px" class="hierarchy"><span style="padding: 3px; color: white; background-color: red" title="This element must be supported">S</span></td><td style="vertical-align: top; text-align : left; background-color: white; border: 0px #F0F0F0 solid; padding:0px 4px 0px 4px" class="hierarchy"><span style="opacity: 0.4">0</span><span style="opacity: 0.5">..</span><span style="opacity: 0.4">1</span></td><td style="vertical-align: top; text-align : left; background-color: white; border: 0px #F0F0F0 solid; padding:0px 4px 0px 4px" class="hierarchy"><a style="opacity: 0.4" href="http://hl7.org/fhir/STU3/datatypes.html#BackboneElement">BackboneElement</a></td><td style="vertical-align: top; text-align : left; background-color: white; border: 0px #F0F0F0 solid; padding:0px 4px 0px 4px" class="hierarchy"/></tr>
<tr style="border: 0px #F0F0F0 solid; padding:0px; vertical-align: top; background-color: white;"><td style="vertical-align: top; text-align : left; background-color: white; border: 0px #F0F0F0 solid; padding:0px 4px 0px 4px; white-space: nowrap; background-image: url(tbl_bck10.png)" class="hierarchy"><img src="tbl_spacer.png" alt="." style="background-color: inherit" class="hierarchy"/><img src="tbl_vjoin.png" alt="." style="background-color: inherit" class="hierarchy"/><img src="icon_element.gif" alt="." style="background-color: white; background-color: inherit" title="Element" class="hierarchy"/> <a href="qicore-referralrequest-definitions.html#ReferralRequest:qicore-referralrequest.specialty">specialty</a><a name="ReferralRequest.specialty"> </a></td><td style="vertical-align: top; text-align : left; background-color: white; border: 0px #F0F0F0 solid; padding:0px 4px 0px 4px" class="hierarchy"><span style="padding: 3px; color: white; background-color: red" title="This element must be supported">S</span></td><td style="vertical-align: top; text-align : left; background-color: white; border: 0px #F0F0F0 solid; padding:0px 4px 0px 4px" class="hierarchy"><span style="opacity: 0.4">0</span><span style="opacity: 0.5">..</span><span style="opacity: 0.4">1</span></td><td style="vertical-align: top; text-align : left; background-color: white; border: 0px #F0F0F0 solid; padding:0px 4px 0px 4px" class="hierarchy"><a style="opacity: 0.4" href="http://hl7.org/fhir/STU3/datatypes.html#CodeableConcept">CodeableConcept</a></td><td style="vertical-align: top; text-align : left; background-color: white; border: 0px #F0F0F0 solid; padding:0px 4px 0px 4px" class="hierarchy"/></tr>
<tr style="border: 0px #F0F0F0 solid; padding:0px; vertical-align: top; background-color: white;"><td style="vertical-align: top; text-align : left; background-color: white; border: 0px #F0F0F0 solid; padding:0px 4px 0px 4px; white-space: nowrap; background-image: url(tbl_bck10.png)" class="hierarchy"><img src="tbl_spacer.png" alt="." style="background-color: inherit" class="hierarchy"/><img src="tbl_vjoin.png" alt="." style="background-color: inherit" class="hierarchy"/><img src="icon_reference.png" alt="." style="background-color: white; background-color: inherit" title="Reference to another Resource" class="hierarchy"/> <a href="qicore-referralrequest-definitions.html#ReferralRequest:qicore-referralrequest.recipient">recipient</a><a name="ReferralRequest.recipient"> </a></td><td style="vertical-align: top; text-align : left; background-color: white; border: 0px #F0F0F0 solid; padding:0px 4px 0px 4px" class="hierarchy"><span style="padding: 3px; color: white; background-color: red" title="This element must be supported">S</span></td><td style="vertical-align: top; text-align : left; background-color: white; border: 0px #F0F0F0 solid; padding:0px 4px 0px 4px" class="hierarchy"><span style="opacity: 0.4">0</span><span style="opacity: 0.5">..</span><span style="opacity: 0.4">*</span></td><td style="vertical-align: top; text-align : left; background-color: white; border: 0px #F0F0F0 solid; padding:0px 4px 0px 4px" class="hierarchy"><a href="http://hl7.org/fhir/STU3/references.html">Reference</a>(<a href="qicore-practitioner.html">QICore-Practitioner</a>), <a href="http://hl7.org/fhir/STU3/references.html">Reference</a>(<a href="qicore-organization.html">QICore-Organization</a>)</td><td style="vertical-align: top; text-align : left; background-color: white; border: 0px #F0F0F0 solid; padding:0px 4px 0px 4px" class="hierarchy"/></tr>
<tr style="border: 0px #F0F0F0 solid; padding:0px; vertical-align: top; background-color: white;"><td style="vertical-align: top; text-align : left; background-color: white; border: 0px #F0F0F0 solid; padding:0px 4px 0px 4px; white-space: nowrap; background-image: url(tbl_bck10.png)" class="hierarchy"><img src="tbl_spacer.png" alt="." style="background-color: inherit" class="hierarchy"/><img src="tbl_vjoin.png" alt="." style="background-color: inherit" class="hierarchy"/><img src="icon_element.gif" alt="." style="background-color: white; background-color: inherit" title="Element" class="hierarchy"/> <a href="qicore-referralrequest-definitions.html#ReferralRequest:qicore-referralrequest.reasonCode">reasonCode</a><a name="ReferralRequest.reasonCode"> </a></td><td style="vertical-align: top; text-align : left; background-color: white; border: 0px #F0F0F0 solid; padding:0px 4px 0px 4px" class="hierarchy"><span style="padding: 3px; color: white; background-color: red" title="This element must be supported">S</span></td><td style="vertical-align: top; text-align : left; background-color: white; border: 0px #F0F0F0 solid; padding:0px 4px 0px 4px" class="hierarchy"><span style="opacity: 0.4">0</span><span style="opacity: 0.5">..</span><span style="opacity: 0.4">*</span></td><td style="vertical-align: top; text-align : left; background-color: white; border: 0px #F0F0F0 solid; padding:0px 4px 0px 4px" class="hierarchy"><a style="opacity: 0.4" href="http://hl7.org/fhir/STU3/datatypes.html#CodeableConcept">CodeableConcept</a></td><td style="vertical-align: top; text-align : left; background-color: white; border: 0px #F0F0F0 solid; padding:0px 4px 0px 4px" class="hierarchy"/></tr>
<tr style="border: 0px #F0F0F0 solid; padding:0px; vertical-align: top; background-color: white;"><td style="vertical-align: top; text-align : left; background-color: white; border: 0px #F0F0F0 solid; padding:0px 4px 0px 4px; white-space: nowrap; background-image: url(tbl_bck00.png)" class="hierarchy"><img src="tbl_spacer.png" alt="." style="background-color: inherit" class="hierarchy"/><img src="tbl_vjoin_end.png" alt="." style="background-color: inherit" class="hierarchy"/><img src="icon_extension_simple.png" alt="." style="background-color: white; background-color: inherit" title="Simple Extension" class="hierarchy"/> <a href="qicore-referralrequest-definitions.html#ReferralRequest:qicore-referralrequest.extension:refusalreason" title="Extension URL = http://hl7.org/fhir/StructureDefinition/referralrequest-reasonRefused">referralrequest-reasonRefused</a><a name="ReferralRequest.extension"> </a></td><td style="vertical-align: top; text-align : left; background-color: white; border: 0px #F0F0F0 solid; padding:0px 4px 0px 4px" class="hierarchy"/><td style="vertical-align: top; text-align : left; background-color: white; border: 0px #F0F0F0 solid; padding:0px 4px 0px 4px" class="hierarchy"><span style="opacity: 0.4">0</span>..<span style="opacity: 0.4">1</span></td><td style="vertical-align: top; text-align : left; background-color: white; border: 0px #F0F0F0 solid; padding:0px 4px 0px 4px" class="hierarchy"><a href="http://hl7.org/fhir/STU3/datatypes.html#CodeableConcept">CodeableConcept</a></td><td style="vertical-align: top; text-align : left; background-color: white; border: 0px #F0F0F0 solid; padding:0px 4px 0px 4px" class="hierarchy">Reason referral was refused<br/><span style="font-weight:bold">URL: </span><a href="http://hl7.org/fhir/STU3/extension-referralrequest-reasonrefused.html">http://hl7.org/fhir/StructureDefinition/referralrequest-reasonRefused</a><br/><span style="font-weight:bold">Binding: </span><a href="valueset-qicore-referralrequest-reason-rejected.html">Reasons for rejecting a referral request</a> (<a href="http://hl7.org/fhir/STU3/terminologies.html#example" title="Instances are not expected or even encouraged to draw from the specified value set.  The value set merely provides examples of the types of concepts intended to be included.">example</a>)</td></tr>
<tr><td colspan="5" class="hierarchy"><br/><a href="http://hl7.org/fhir/STU3/formats.html#table" title="Legend for this format"><img src="http://hl7.org/fhir/STU3/help16.png" alt="doco" style="background-color: inherit"/> Documentation for this format</a></td></tr></table></div></text><url value="http://hl7.org/fhir/us/qicore/StructureDefinition/qicore-referralrequest"/><version value="0.1"/><name value="QICore-ReferralRequest"/><status value="draft"/><date value="2017-08-21"/><publisher value="Health Level Seven International (Clinical Quality Information - QICore)"/><contact><telecom><system value="url"/><value value="http://hl7.org/special/committees/CQI"/></telecom></contact><fhirVersion value="3.0.1"/><mapping><identity value="qdm"/><uri value="http://www.healthit.gov/quality-data-model"/><name value="Quality Data Model"/></mapping><mapping><identity value="w5"/><uri value="http://hl7.org/fhir/w5"/><name value="W5 Mapping"/></mapping><mapping><identity value="v2"/><uri value="http://hl7.org/v2"/><name value="HL7 v2 Mapping"/></mapping><mapping><identity value="rim"/><uri value="http://hl7.org/v3"/><name value="RIM Mapping"/></mapping><kind value="resource"/><abstract value="false"/><type value="ReferralRequest"/><baseDefinition value="http://hl7.org/fhir/StructureDefinition/ReferralRequest"/><derivation value="constraint"/><snapshot><element id="ReferralRequest:qicore-referralrequest"><path value="ReferralRequest"/><sliceName value="QICore-ReferralRequest"/><short value="A request for referral or transfer of care"/><definition value="Used to record and send details about a request for referral service or transfer of a patient to the care of another provider or provider organization."/><alias value="ReferralRequest TransferOfCare Request"/><min value="0"/><max value="*"/><base><path value="ReferralRequest"/><min value="0"/><max value="*"/></base><constraint><key value="dom-2"/><severity value="error"/><human value="If the resource is contained in another resource, it SHALL NOT contain nested Resources"/><expression value="contained.contained.empty()"/><xpath value="not(parent::f:contained and f:contained)"/><source value="DomainResource"/></constraint><constraint><key value="dom-1"/><severity value="error"/><human value="If the resource is contained in another resource, it SHALL NOT contain any narrative"/><expression value="contained.text.empty()"/><xpath value="not(parent::f:contained and f:text)"/><source value="DomainResource"/></constraint><constraint><key value="dom-4"/><severity value="error"/><human value="If a resource is contained in another resource, it SHALL NOT have a meta.versionId or a meta.lastUpdated"/><expression value="contained.meta.versionId.empty() and contained.meta.lastUpdated.empty()"/><xpath value="not(exists(f:contained/*/f:meta/f:versionId)) and not(exists(f:contained/*/f:meta/f:lastUpdated))"/><source value="DomainResource"/></constraint><constraint><key value="dom-3"/><severity value="error"/><human value="If the resource is contained in another resource, it SHALL be referred to from elsewhere in the resource"/><expression value="contained.where((&#39;#&#39;+id in %resource.descendants().reference).not()).empty()"/><xpath value="not(exists(for $id in f:contained/*/@id return $id[not(ancestor::f:contained/parent::*/descendant::f:reference/@value=concat(&#39;#&#39;, $id))]))"/><source value="DomainResource"/></constraint><mustSupport value="false"/><mapping><identity value="rim"/><map value="Entity. Role, or Act"/></mapping><mapping><identity value="w5"/><map value="clinical.careprovision"/></mapping><mapping><identity value="qdm"/><map value="&quot;Encounter, Order&quot;; &quot;Encounter, Recommended&quot;"/></mapping></element><element id="ReferralRequest:qicore-referralrequest.id"><path value="ReferralRequest.id"/><short value="Logical id of this artifact"/><definition value="The logical id of the resource, as used in the URL for the resource. Once assigned, this value never changes."/><comment value="The only time that a resource does not have an id is when it is being submitted to the server using a create operation."/><min value="0"/><max value="1"/><base><path value="Resource.id"/><min value="0"/><max value="1"/></base><type><code value="id"/></type><isSummary value="true"/></element><element id="ReferralRequest:qicore-referralrequest.meta"><path value="ReferralRequest.meta"/><short value="Metadata about the resource"/><definition value="The metadata about the resource. This is content that is maintained by the infrastructure. Changes to the content may not always be associated with version changes to the resource."/><min value="0"/><max value="1"/><base><path value="Resource.meta"/><min value="0"/><max value="1"/></base><type><code value="Meta"/></type><isSummary value="true"/></element><element id="ReferralRequest:qicore-referralrequest.implicitRules"><path value="ReferralRequest.implicitRules"/><short value="A set of rules under which this content was created"/><definition value="A reference to a set of rules that were followed when the resource was constructed, and which must be understood when processing the content."/><comment value="Asserting this rule set restricts the content to be only understood by a limited set of trading partners. This inherently limits the usefulness of the data in the long term. However, the existing health eco-system is highly fractured, and not yet ready to define, collect, and exchange data in a generally computable sense. Wherever possible, implementers and/or specification writers should avoid using this element. &#xA;&#xA;This element is labelled as a modifier because the implicit rules may provide additional knowledge about the resource that modifies it&#39;s meaning or interpretation."/><min value="0"/><max value="1"/><base><path value="Resource.implicitRules"/><min value="0"/><max value="1"/></base><type><code value="uri"/></type><isModifier value="true"/><isSummary value="true"/></element><element id="ReferralRequest:qicore-referralrequest.language"><path value="ReferralRequest.language"/><short value="Language of the resource content"/><definition value="The base language in which the resource is written."/><comment value="Language is provided to support indexing and accessibility (typically, services such as text to speech use the language tag). The html language tag in the narrative applies  to the narrative. The language tag on the resource may be used to specify the language of other presentations generated from the data in the resource  Not all the content has to be in the base language. The Resource.language should not be assumed to apply to the narrative automatically. If a language is specified, it should it also be specified on the div element in the html (see rules in HTML5 for information about the relationship between xml:lang and the html lang attribute)."/><min value="0"/><max value="1"/><base><path value="Resource.language"/><min value="0"/><max value="1"/></base><type><code value="code"/></type><binding><extension url="http://hl7.org/fhir/StructureDefinition/elementdefinition-maxValueSet"><valueReference><reference value="http://hl7.org/fhir/ValueSet/all-languages"/></valueReference></extension><extension url="http://hl7.org/fhir/StructureDefinition/elementdefinition-bindingName"><valueString value="Language"/></extension><extension url="http://hl7.org/fhir/StructureDefinition/elementdefinition-isCommonBinding"><valueBoolean value="true"/></extension><strength value="extensible"/><description value="A human language."/><valueSetReference><reference value="http://hl7.org/fhir/ValueSet/languages"/></valueSetReference></binding></element><element id="ReferralRequest:qicore-referralrequest.text"><path value="ReferralRequest.text"/><short value="Text summary of the resource, for human interpretation"/><definition value="A human-readable narrative that contains a summary of the resource, and may be used to represent the content of the resource to a human. The narrative need not encode all the structured data, but is required to contain sufficient detail to make it &quot;clinically safe&quot; for a human to just read the narrative. Resource definitions may define what content should be represented in the narrative to ensure clinical safety."/><comment value="Contained resources do not have narrative. Resources that are not contained SHOULD have a narrative. In some cases, a resource may only have text with little or no additional discrete data (as long as all minOccurs=1 elements are satisfied).  This may be necessary for data from legacy systems where information is captured as a &quot;text blob&quot; or where text is additionally entered raw or narrated and encoded in formation is added later."/><alias value="narrative"/><alias value="html"/><alias value="xhtml"/><alias value="display"/><min value="0"/><max value="1"/><base><path value="DomainResource.text"/><min value="0"/><max value="1"/></base><type><code value="Narrative"/></type><condition value="dom-1"/><mapping><identity value="rim"/><map value="Act.text?"/></mapping></element><element id="ReferralRequest:qicore-referralrequest.contained"><path value="ReferralRequest.contained"/><short value="Contained, inline Resources"/><definition value="These resources do not have an independent existence apart from the resource that contains them - they cannot be identified independently, and nor can they have their own independent transaction scope."/><comment value="This should never be done when the content can be identified properly, as once identification is lost, it is extremely difficult (and context dependent) to restore it again."/><alias value="inline resources"/><alias value="anonymous resources"/><alias value="contained resources"/><min value="0"/><max value="*"/><base><path value="DomainResource.contained"/><min value="0"/><max value="*"/></base><type><code value="Resource"/></type><mapping><identity value="rim"/><map value="N/A"/></mapping></element><element id="ReferralRequest:qicore-referralrequest.extension"><path value="ReferralRequest.extension"/><slicing id="8"><discriminator><type value="value"/><path value="url"/></discriminator><ordered value="false"/><rules value="open"/></slicing><short value="Extension"/><definition value="An Extension"/><min value="0"/><max value="*"/><base><path value="DomainResource.extension"/><min value="0"/><max value="*"/></base><type><code value="Extension"/></type></element><element id="ReferralRequest:qicore-referralrequest.extension:refusalreason"><path value="ReferralRequest.extension"/><sliceName value="refusalReason"/><short value="Extension"/><definition value="An Extension"/><min value="0"/><max value="1"/><base><path value="DomainResource.extension"/><min value="0"/><max value="*"/></base><type><code value="Extension"/><profile value="http://hl7.org/fhir/StructureDefinition/referralrequest-reasonRefused"/></type><condition value="ele-1"/><constraint><key value="ele-1"/><severity value="error"/><human value="All FHIR elements must have a @value or children"/><expression value="hasValue() | (children().count() &gt; id.count())"/><xpath value="@value|f:*|h:div"/><source value="Element"/></constraint><constraint><key value="ext-1"/><severity value="error"/><human value="Must have either extensions or value[x], not both"/><expression value="extension.exists() != value.exists()"/><xpath value="exists(f:extension)!=exists(f:*[starts-with(local-name(.), &#39;value&#39;)])"/><source value="Extension"/></constraint><mustSupport value="false"/><isModifier value="false"/><mapping><identity value="qdm"/><map value="negation rationale (when ReferralRequest.status=&quot;refused&quot;)"/></mapping></element><element id="ReferralRequest:qicore-referralrequest.modifierExtension"><path value="ReferralRequest.modifierExtension"/><short value="Extensions that cannot be ignored"/><definition value="May be used to represent additional information that is not part of the basic definition of the resource, and that modifies the understanding of the element that contains it. Usually modifier elements provide negation or qualification. In order to make the use of extensions safe and manageable, there is a strict set of governance applied to the definition and use of extensions. Though any implementer is allowed to define an extension, there is a set of requirements that SHALL be met as part of the definition of the extension. Applications processing a resource are required to check for modifier extensions."/><comment value="There can be no stigma associated with the use of extensions by any application, project, or standard - regardless of the institution or jurisdiction that uses or defines the extensions.  The use of extensions is what allows the FHIR specification to retain a core level of simplicity for everyone."/><alias value="extensions"/><alias value="user content"/><min value="0"/><max value="*"/><base><path value="DomainResource.modifierExtension"/><min value="0"/><max value="*"/></base><type><code value="Extension"/></type><isModifier value="true"/><mapping><identity value="rim"/><map value="N/A"/></mapping></element><element id="ReferralRequest:qicore-referralrequest.identifier"><path value="ReferralRequest.identifier"/><short value="Business identifier"/><definition value="Business identifier that uniquely identifies the referral/care transfer request instance."/><min value="0"/><max value="*"/><base><path value="ReferralRequest.identifier"/><min value="0"/><max value="*"/></base><type><code value="Identifier"/></type><isModifier value="false"/><isSummary value="true"/><mapping><identity value="v2"/><map value="RF1-6 / RF1-11"/></mapping><mapping><identity value="w5"/><map value="id"/></mapping></element><element id="ReferralRequest:qicore-referralrequest.definition"><path value="ReferralRequest.definition"/><short value="Instantiates protocol or definition"/><definition value="A protocol, guideline, orderset or other definition that is adhered to in whole or in part by this request."/><min value="0"/><max value="*"/><base><path value="ReferralRequest.definition"/><min value="0"/><max value="*"/></base><type><code value="Reference"/><targetProfile value="http://hl7.org/fhir/StructureDefinition/ActivityDefinition"/></type><type><code value="Reference"/><targetProfile value="http://hl7.org/fhir/StructureDefinition/PlanDefinition"/></type><isSummary value="true"/><mapping><identity value="rim"/><map value=".outboundRelationship[typeCode=DEFN].target"/></mapping></element><element id="ReferralRequest:qicore-referralrequest.basedOn"><path value="ReferralRequest.basedOn"/><short value="Request fulfilled by this request"/><definition value="Indicates any plans, proposals or orders that this request is intended to satisfy - in whole or in part."/><alias value="fulfills"/><min value="0"/><max value="*"/><base><path value="ReferralRequest.basedOn"/><min value="0"/><max value="*"/></base><type><code value="Reference"/><targetProfile value="http://hl7.org/fhir/StructureDefinition/ReferralRequest"/></type><type><code value="Reference"/><targetProfile value="http://hl7.org/fhir/StructureDefinition/CarePlan"/></type><type><code value="Reference"/><targetProfile value="http://hl7.org/fhir/StructureDefinition/ProcedureRequest"/></type><isModifier value="false"/><isSummary value="true"/></element><element id="ReferralRequest:qicore-referralrequest.replaces"><path value="ReferralRequest.replaces"/><short value="Request(s) replaced by this request"/><definition value="Completed or terminated request(s) whose function is taken by this new request."/><comment value="The replacement could be because the initial request was immediately rejected (due to an issue) or because the previous request was completed, but the need for the action described by the request remains ongoing."/><requirements value="Allows tracing the continuation of a therapy or administrative process instantiated through multiple requests."/><alias value="supersedes"/><alias value="prior"/><alias value="renewed order"/><min value="0"/><max value="*"/><base><path value="ReferralRequest.replaces"/><min value="0"/><max value="*"/></base><type><code value="Reference"/><targetProfile value="http://hl7.org/fhir/StructureDefinition/ReferralRequest"/></type><isSummary value="true"/><mapping><identity value="rim"/><map value=".outboundRelationship[typeCode=RPLC].target"/></mapping></element><element id="ReferralRequest:qicore-referralrequest.groupIdentifier"><path value="ReferralRequest.groupIdentifier"/><short value="Composite request this is part of"/><definition value="The business identifier of the logical &quot;grouping&quot; request/order that this referral is a part of."/><requirements value="Allows multiple orders to be collected as part of a single requisition."/><alias value="grouperId"/><alias value="requisition"/><min value="0"/><max value="1"/><base><path value="ReferralRequest.groupIdentifier"/><min value="0"/><max value="1"/></base><type><code value="Identifier"/></type><isModifier value="false"/><isSummary value="true"/></element><element id="ReferralRequest:qicore-referralrequest.status"><path value="ReferralRequest.status"/><short value="draft | active | suspended | cancelled | completed | entered-in-error | unknown"/><definition value="The status of the authorization/intention reflected by the referral request record."/><comment value="This element is labeled as a modifier because the status contains codes that mark the resource as not currently valid."/><requirements value="Workflow status is handled by the Task resource."/><min value="1"/><max value="1"/><base><path value="ReferralRequest.status"/><min value="1"/><max value="1"/></base><type><code value="code"/></type><mustSupport value="true"/><isModifier value="true"/><isSummary value="true"/><binding><extension url="http://hl7.org/fhir/StructureDefinition/elementdefinition-bindingName"><valueString value="ReferralRequestStatus"/></extension><strength value="required"/><description value="The status of the referral."/><valueSetReference><reference value="http://hl7.org/fhir/ValueSet/request-status"/></valueSetReference></binding><mapping><identity value="v2"/><map value="RF1-1"/></mapping><mapping><identity value="w5"/><map value="status"/></mapping></element><element id="ReferralRequest:qicore-referralrequest.intent"><path value="ReferralRequest.intent"/><short value="proposal | plan | order"/><definition value="Distinguishes the &quot;level&quot; of authorization/demand implicit in this request."/><requirements value="The same resource structure is used when capturing proposals/recommendations, plans and actual requests."/><alias value="category"/><min value="1"/><max value="1"/><base><path value="ReferralRequest.intent"/><min value="1"/><max value="1"/></base><type><code value="code"/></type><isModifier value="true"/><isSummary value="true"/><binding><extension url="http://hl7.org/fhir/StructureDefinition/elementdefinition-bindingName"><valueString value="ReferralCategory"/></extension><strength value="required"/><description value="Codes identifying the stage lifecycle stage of a request"/><valueSetReference><reference value="http://hl7.org/fhir/ValueSet/request-intent"/></valueSetReference></binding><mapping><identity value="w5"/><map value="class"/></mapping></element><element id="ReferralRequest:qicore-referralrequest.type"><path value="ReferralRequest.type"/><short value="Referral/Transition of care request type"/><definition value="An indication of the type of referral (or where applicable the type of transfer of care) request."/><min value="0"/><max value="1"/><base><path value="ReferralRequest.type"/><min value="0"/><max value="1"/></base><type><code value="CodeableConcept"/></type><mustSupport value="true"/><isModifier value="false"/><isSummary value="true"/><binding><extension url="http://hl7.org/fhir/StructureDefinition/elementdefinition-bindingName"><valueString value="ReferralType"/></extension><strength value="example"/><description value="Codes for types of referral; e.g. consult, transfer, temporary transfer."/><valueSetReference><reference value="http://hl7.org/fhir/ValueSet/referral-type"/></valueSetReference></binding><mapping><identity value="v2"/><map value="RF1-10"/></mapping><mapping><identity value="w5"/><map value="class"/></mapping><mapping><identity value="qdm"/><map value="primary code"/></mapping></element><element id="ReferralRequest:qicore-referralrequest.priority"><path value="ReferralRequest.priority"/><short value="Urgency of referral / transfer of care request"/><definition value="An indication of the urgency of referral (or where applicable the type of transfer of care) request."/><min value="0"/><max value="1"/><base><path value="ReferralRequest.priority"/><min value="0"/><max value="1"/></base><type><code value="code"/></type><mustSupport value="true"/><isModifier value="false"/><isSummary value="true"/><binding><extension url="http://hl7.org/fhir/StructureDefinition/elementdefinition-bindingName"><valueString value="ReferralPriority"/></extension><strength value="required"/><description value="Codes indicating the relative priority of the referral."/><valueSetReference><reference value="http://hl7.org/fhir/ValueSet/request-priority"/></valueSetReference></binding><mapping><identity value="v2"/><map value="RF1-2"/></mapping><mapping><identity value="w5"/><map value="grade"/></mapping></element><element id="ReferralRequest:qicore-referralrequest.serviceRequested"><path value="ReferralRequest.serviceRequested"/><short value="Actions requested as part of the referral"/><definition value="The service(s) that is/are requested to be provided to the patient.  For example: cardiac pacemaker insertion."/><min value="0"/><max value="*"/><base><path value="ReferralRequest.serviceRequested"/><min value="0"/><max value="*"/></base><type><code value="CodeableConcept"/></type><mustSupport value="true"/><isModifier value="false"/><isSummary value="true"/><binding><extension url="http://hl7.org/fhir/StructureDefinition/elementdefinition-bindingName"><valueString value="RequestedService"/></extension><strength value="example"/><description value="Codes indicating the types of services that might be requested as part of a referral."/><valueSetReference><reference value="http://hl7.org/fhir/ValueSet/c80-practice-codes"/></valueSetReference></binding><mapping><identity value="v2"/><map value="PR1-3 / OBR-4"/></mapping><mapping><identity value="w5"/><map value="what"/></mapping><mapping><identity value="qdm"/><map value="primary code"/></mapping></element><element id="ReferralRequest:qicore-referralrequest.subject"><path value="ReferralRequest.subject"/><short value="Patient referred to care or transfer"/><definition value="The patient who is the subject of a referral or transfer of care request."/><comment value="Referral of family, group or community is to be catered for by profiles."/><min value="1"/><max value="1"/><base><path value="ReferralRequest.subject"/><min value="1"/><max value="1"/></base><type><code value="Reference"/><targetProfile value="http://hl7.org/fhir/us/qicore/StructureDefinition/qicore-patient"/></type><type><code value="Reference"/><targetProfile value="http://hl7.org/fhir/StructureDefinition/Group"/></type><mustSupport value="true"/><isModifier value="false"/><isSummary value="true"/><mapping><identity value="v2"/><map value="PID-3"/></mapping><mapping><identity value="w5"/><map value="who.focus"/></mapping></element><element id="ReferralRequest:qicore-referralrequest.context"><path value="ReferralRequest.context"/><short value="Originating encounter"/><definition value="The encounter at which the request for referral or transfer of care is initiated."/><alias value="encounter"/><min value="0"/><max value="1"/><base><path value="ReferralRequest.context"/><min value="0"/><max value="1"/></base><type><code value="Reference"/><targetProfile value="http://hl7.org/fhir/us/qicore/StructureDefinition/qicore-referralrequest"/></type><type><code value="Reference"/><targetProfile value="http://hl7.org/fhir/StructureDefinition/EpisodeOfCare"/></type><mustSupport value="true"/><isModifier value="false"/><isSummary value="true"/><mapping><identity value="v2"/><map value="PV1-19"/></mapping><mapping><identity value="w5"/><map value="context"/></mapping></element><element id="ReferralRequest:qicore-referralrequest.occurrence[x]"><path value="ReferralRequest.occurrence[x]"/><short value="When the service(s) requested in the referral should occur"/><definition value="The period of time within which the services identified in the referral/transfer of care is specified or required to occur."/><comment value="When the occurrenceDateTime is used, then it is indicating that the requested service must happen before the specified date."/><requirements value="Use cases: (1) to indicate that the requested service is not to happen before a specified date, and saving the start date in Period.start; (2) to indicate that the requested service must happen before a specified date, and saving the end date in Period.end; (3) to indicate that the requested service must happen during the specified dates (&quot;start&quot; and &quot;end&quot; values)."/><alias value="timing"/><min value="0"/><max value="1"/><base><path value="ReferralRequest.occurrence[x]"/><min value="0"/><max value="1"/></base><type><code value="dateTime"/></type><type><code value="Period"/></type><mustSupport value="true"/><isModifier value="false"/><isSummary value="true"/><mapping><identity value="v2"/><map value="OBR-7/OBR-8"/></mapping><mapping><identity value="w5"/><map value="when.planned"/></mapping><mapping><identity value="qdm"/><map value="start datetime, stop datetime"/></mapping></element><element id="ReferralRequest:qicore-referralrequest.authoredOn"><path value="ReferralRequest.authoredOn"/><short value="Date of creation/activation"/><definition value="Date/DateTime of creation for draft requests and date of activation for active requests."/><alias value="createdOn"/><min value="0"/><max value="1"/><base><path value="ReferralRequest.authoredOn"/><min value="0"/><max value="1"/></base><type><code value="dateTime"/></type><mustSupport value="true"/><isModifier value="false"/><isSummary value="true"/><mapping><identity value="v2"/><map value="RF1-7 / RF1-9?"/></mapping><mapping><identity value="w5"/><map value="when.recorded"/></mapping><mapping><identity value="qdm"/><map value="start datetime"/></mapping></element><element id="ReferralRequest:qicore-referralrequest.requester"><path value="ReferralRequest.requester"/><short value="Who/what is requesting service"/><definition value="The individual who initiated the request and has responsibility for its activation."/><alias value="author"/><min value="0"/><max value="1"/><base><path value="ReferralRequest.requester"/><min value="0"/><max value="1"/></base><type><code value="BackboneElement"/></type><constraint><key value="ele-1"/><severity value="error"/><human value="All FHIR elements must have a @value or children"/><expression value="hasValue() | (children().count() &gt; id.count())"/><xpath value="@value|f:*|h:div"/><source value="Element"/></constraint><constraint><key value="rfr-1"/><severity value="error"/><human value="onBehalfOf can only be specified if agent is practitioner or device"/><expression value="(agent.resolve() is Device) or (agent.resolve() is Practitioner) or onBehalfOf.exists().not()"/><xpath value="contains(f:agent/f:reference/@value, &#39;/Practitioner/&#39;) or contains(f:agent/f:reference/@value, &#39;/Device/&#39;) or not(exists(f:onBehalfOf))"/><source value="ReferralRequest.requester"/></constraint><mustSupport value="true"/><isSummary value="true"/><mapping><identity value="rim"/><map value=".participation[typeCode=AUT].role"/></mapping></element><element id="ReferralRequest:qicore-referralrequest.requester.id"><path value="ReferralRequest.requester.id"/><representation value="xmlAttr"/><short value="xml:id (or equivalent in JSON)"/><definition value="unique id for the element within a resource (for internal references). This may be any string value that does not contain spaces."/><min value="0"/><max value="1"/><base><path value="Element.id"/><min value="0"/><max value="1"/></base><type><code value="string"/></type><mapping><identity value="rim"/><map value="n/a"/></mapping></element><element id="ReferralRequest:qicore-referralrequest.requester.extension"><path value="ReferralRequest.requester.extension"/><short value="Additional Content defined by implementations"/><definition value="May be used to represent additional information that is not part of the basic definition of the element. In order to make the use of extensions safe and manageable, there is a strict set of governance  applied to the definition and use of extensions. Though any implementer is allowed to define an extension, there is a set of requirements that SHALL be met as part of the definition of the extension."/><comment value="There can be no stigma associated with the use of extensions by any application, project, or standard - regardless of the institution or jurisdiction that uses or defines the extensions.  The use of extensions is what allows the FHIR specification to retain a core level of simplicity for everyone."/><alias value="extensions"/><alias value="user content"/><min value="0"/><max value="*"/><base><path value="Element.extension"/><min value="0"/><max value="*"/></base><type><code value="Extension"/></type><mapping><identity value="rim"/><map value="n/a"/></mapping></element><element id="ReferralRequest:qicore-referralrequest.requester.modifierExtension"><path value="ReferralRequest.requester.modifierExtension"/><short value="Extensions that cannot be ignored"/><definition value="May be used to represent additional information that is not part of the basic definition of the element, and that modifies the understanding of the element that contains it. Usually modifier elements provide negation or qualification. In order to make the use of extensions safe and manageable, there is a strict set of governance applied to the definition and use of extensions. Though any implementer is allowed to define an extension, there is a set of requirements that SHALL be met as part of the definition of the extension. Applications processing a resource are required to check for modifier extensions."/><comment value="There can be no stigma associated with the use of extensions by any application, project, or standard - regardless of the institution or jurisdiction that uses or defines the extensions.  The use of extensions is what allows the FHIR specification to retain a core level of simplicity for everyone."/><alias value="extensions"/><alias value="user content"/><alias value="modifiers"/><min value="0"/><max value="*"/><base><path value="BackboneElement.modifierExtension"/><min value="0"/><max value="*"/></base><type><code value="Extension"/></type><isModifier value="true"/><isSummary value="true"/><mapping><identity value="rim"/><map value="N/A"/></mapping></element><element id="ReferralRequest:qicore-referralrequest.requester.agent"><path value="ReferralRequest.requester.agent"/><short value="Individual making the request"/><definition value="The device, practitioner, etc. who initiated the request."/><min value="1"/><max value="1"/><base><path value="ReferralRequest.requester.agent"/><min value="1"/><max value="1"/></base><type><code value="Reference"/><targetProfile value="http://hl7.org/fhir/StructureDefinition/Practitioner"/></type><type><code value="Reference"/><targetProfile value="http://hl7.org/fhir/StructureDefinition/Organization"/></type><type><code value="Reference"/><targetProfile value="http://hl7.org/fhir/StructureDefinition/Patient"/></type><type><code value="Reference"/><targetProfile value="http://hl7.org/fhir/StructureDefinition/RelatedPerson"/></type><type><code value="Reference"/><targetProfile value="http://hl7.org/fhir/StructureDefinition/Device"/></type><isSummary value="true"/><mapping><identity value="rim"/><map value=".player"/></mapping><mapping><identity value="w5"/><map value="who.author"/></mapping></element><element id="ReferralRequest:qicore-referralrequest.requester.onBehalfOf"><path value="ReferralRequest.requester.onBehalfOf"/><short value="Organization agent is acting for"/><definition value="The organization the device or practitioner was acting on behalf of."/><requirements value="Practitioners and Devices can be associated with multiple organizations.  This element indicates which organization they were acting on behalf of when authoring the request."/><min value="0"/><max value="1"/><base><path value="ReferralRequest.requester.onBehalfOf"/><min value="0"/><max value="1"/></base><type><code value="Reference"/><targetProfile value="http://hl7.org/fhir/StructureDefinition/Organization"/></type><condition value="rfr-1"/><isSummary value="true"/><mapping><identity value="rim"/><map value=".scoper"/></mapping></element><element id="ReferralRequest:qicore-referralrequest.specialty"><path value="ReferralRequest.specialty"/><short value="The clinical specialty (discipline) that the referral is requested for"/><definition value="Indication of the clinical domain or discipline to which the referral or transfer of care request is sent.  For example: Cardiology Gastroenterology Diabetology."/><min value="0"/><max value="1"/><base><path value="ReferralRequest.specialty"/><min value="0"/><max value="1"/></base><type><code value="CodeableConcept"/></type><mustSupport value="true"/><isModifier value="false"/><binding><extension url="http://hl7.org/fhir/StructureDefinition/elementdefinition-bindingName"><valueString value="ReferralSpecialty"/></extension><strength value="example"/><description value="Codes indicating the types of capability the referred to service provider must have."/><valueSetReference><reference value="http://hl7.org/fhir/ValueSet/practitioner-specialty"/></valueSetReference></binding><mapping><identity value="v2"/><map value="RF1-3"/></mapping><mapping><identity value="qdm"/><map value="primary code"/></mapping></element><element id="ReferralRequest:qicore-referralrequest.recipient"><path value="ReferralRequest.recipient"/><short value="Receiver of referral / transfer of care request"/><definition value="The healthcare provider(s) or provider organization(s) who/which is to receive the referral/transfer of care request."/><comment value="There will be a primary receiver. But the request can be received by any number of &quot;copied to&quot; providers or organizations."/><min value="0"/><max value="*"/><base><path value="ReferralRequest.recipient"/><min value="0"/><max value="*"/></base><type><code value="Reference"/><targetProfile value="http://hl7.org/fhir/us/qicore/StructureDefinition/qicore-practitioner"/></type><type><code value="Reference"/><targetProfile value="http://hl7.org/fhir/us/qicore/StructureDefinition/qicore-organization"/></type><mustSupport value="true"/><isModifier value="false"/><isSummary value="true"/><mapping><identity value="v2"/><map value="Practitioner: PRD-2/PRD-7 where PRD-3 = RT; Organization: PRD-10 where PRD-3 = RT"/></mapping><mapping><identity value="w5"/><map value="who.actor"/></mapping><mapping><identity value="qdm"/><map value="facility location"/></mapping></element><element id="ReferralRequest:qicore-referralrequest.reasonCode"><path value="ReferralRequest.reasonCode"/><short value="Reason for referral / transfer of care request"/><definition value="Description of clinical condition indicating why referral/transfer of care is requested.  For example:  Pathological Anomalies, Disabled (physical or mental),  Behavioral Management."/><min value="0"/><max value="*"/><base><path value="ReferralRequest.reasonCode"/><min value="0"/><max value="*"/></base><type><code value="CodeableConcept"/></type><mustSupport value="true"/><isModifier value="false"/><isSummary value="true"/><binding><extension url="http://hl7.org/fhir/StructureDefinition/elementdefinition-bindingName"><valueString value="ReferralReason"/></extension><strength value="example"/><description value="Codes indicating why the referral is being requested."/><valueSetReference><reference value="http://hl7.org/fhir/ValueSet/clinical-findings"/></valueSetReference></binding><mapping><identity value="v2"/><map value="RF1-10"/></mapping><mapping><identity value="w5"/><map value="why"/></mapping><mapping><identity value="qdm"/><map value="reason"/></mapping></element><element id="ReferralRequest:qicore-referralrequest.reasonReference"><path value="ReferralRequest.reasonReference"/><short value="Why is service needed?"/><definition value="Indicates another resource whose existence justifies this request."/><min value="0"/><max value="*"/><base><path value="ReferralRequest.reasonReference"/><min value="0"/><max value="*"/></base><type><code value="Reference"/><targetProfile value="http://hl7.org/fhir/StructureDefinition/Condition"/></type><type><code value="Reference"/><targetProfile value="http://hl7.org/fhir/StructureDefinition/Observation"/></type><isSummary value="true"/><mapping><identity value="rim"/><map value=".outboundRelationship[typeCode=RSON].target"/></mapping><mapping><identity value="w5"/><map value="why"/></mapping></element><element id="ReferralRequest:qicore-referralrequest.description"><path value="ReferralRequest.description"/><short value="A textual description of the referral"/><definition value="The reason element gives a short description of why the referral is being made, the description expands on this to support a more complete clinical summary."/><min value="0"/><max value="1"/><base><path value="ReferralRequest.description"/><min value="0"/><max value="1"/></base><type><code value="string"/></type><isModifier value="false"/></element><element id="ReferralRequest:qicore-referralrequest.supportingInfo"><path value="ReferralRequest.supportingInfo"/><short value="Additonal information to support referral or transfer of care request"/><definition value="Any additional (administrative, financial or clinical) information required to support request for referral or transfer of care.  For example: Presenting problems/chief complaints Medical History Family History Alerts Allergy/Intolerance and Adverse Reactions Medications Observations/Assessments (may include cognitive and fundtional assessments) Diagnostic Reports Care Plan."/><min value="0"/><max value="*"/><base><path value="ReferralRequest.supportingInfo"/><min value="0"/><max value="*"/></base><type><code value="Reference"/><targetProfile value="http://hl7.org/fhir/StructureDefinition/Resource"/></type><isModifier value="false"/></element><element id="ReferralRequest:qicore-referralrequest.note"><path value="ReferralRequest.note"/><short value="Comments made about referral request"/><definition value="Comments made about the referral request by any of the participants."/><min value="0"/><max value="*"/><base><path value="ReferralRequest.note"/><min value="0"/><max value="*"/></base><type><code value="Annotation"/></type></element><element id="ReferralRequest:qicore-referralrequest.relevantHistory"><path value="ReferralRequest.relevantHistory"/><short value="Key events in history of request"/><definition value="Links to Provenance records for past versions of this resource or fulfilling request or event resources that identify key state transitions or updates that are likely to be relevant to a user looking at the current version of the resource."/><comment value="This element does not point to the Provenance associated with the *current* version of the resource - as it would be created after this version existed.  The Provenance for the current version can be retrieved with a _revinclude."/><alias value="eventHistory"/><min value="0"/><max value="*"/><base><path value="ReferralRequest.relevantHistory"/><min value="0"/><max value="*"/></base><type><code value="Reference"/><targetProfile value="http://hl7.org/fhir/StructureDefinition/Provenance"/></type><mapping><identity value="rim"/><map value=".inboundRelationship(typeCode=SUBJ].source[classCode=CACT, moodCode=EVN]"/></mapping></element></snapshot><differential><element id="ReferralRequest:qicore-referralrequest"><path value="ReferralRequest"/><sliceName value="QICore-ReferralRequest"/><mustSupport value="false"/><isModifier value="false"/><mapping><identity value="qdm"/><map value="&quot;Encounter, Order&quot;; &quot;Encounter, Recommended&quot;"/></mapping></element><element id="ReferralRequest:qicore-referralrequest.extension:refusalreason"><path value="ReferralRequest.extension"/><sliceName value="refusalReason"/><min value="0"/><max value="1"/><type><code value="Extension"/><profile value="http://hl7.org/fhir/StructureDefinition/referralrequest-reasonRefused"/></type><mustSupport value="false"/><isModifier value="false"/><binding><strength value="example"/><valueSetReference><reference value="http://hl7.org/fhir/us/qicore/ValueSet/qicore-referralrequest-reason-rejected"/></valueSetReference></binding><mapping><identity value="qdm"/><map value="negation rationale (when ReferralRequest.status=&quot;refused&quot;)"/></mapping></element><element id="ReferralRequest:qicore-referralrequest.status"><path value="ReferralRequest.status"/><mustSupport value="true"/><isModifier value="false"/></element><element id="ReferralRequest:qicore-referralrequest.type"><path value="ReferralRequest.type"/><mustSupport value="true"/><isModifier value="false"/><mapping><identity value="qdm"/><map value="primary code"/></mapping></element><element id="ReferralRequest:qicore-referralrequest.priority"><path value="ReferralRequest.priority"/><mustSupport value="true"/><isModifier value="false"/></element><element id="ReferralRequest:qicore-referralrequest.serviceRequested"><path value="ReferralRequest.serviceRequested"/><mustSupport value="true"/><isModifier value="false"/><mapping><identity value="qdm"/><map value="primary code"/></mapping></element><element id="ReferralRequest:qicore-referralrequest.subject"><path value="ReferralRequest.subject"/><type><code value="Reference"/><targetProfile value="http://hl7.org/fhir/us/qicore/StructureDefinition/qicore-patient"/></type><type><code value="Reference"/><targetProfile value="http://hl7.org/fhir/StructureDefinition/Group"/></type><mustSupport value="true"/><isModifier value="false"/></element><element id="ReferralRequest:qicore-referralrequest.context"><path value="ReferralRequest.context"/><type><code value="Reference"/><targetProfile value="http://hl7.org/fhir/us/qicore/StructureDefinition/qicore-referralrequest"/></type><type><code value="Reference"/><targetProfile value="http://hl7.org/fhir/StructureDefinition/EpisodeOfCare"/></type><mustSupport value="true"/><isModifier value="false"/></element><element id="ReferralRequest:qicore-referralrequest.occurrence[x]"><path value="ReferralRequest.occurrence[x]"/><mustSupport value="true"/><isModifier value="false"/><mapping><identity value="qdm"/><map value="start datetime, stop datetime"/></mapping></element><element id="ReferralRequest:qicore-referralrequest.authoredOn"><path value="ReferralRequest.authoredOn"/><mustSupport value="true"/><isModifier value="false"/><mapping><identity value="qdm"/><map value="start datetime"/></mapping></element><element id="ReferralRequest:qicore-referralrequest.requester"><path value="ReferralRequest.requester"/><type><code value="BackboneElement"/></type><mustSupport value="true"/><isModifier value="false"/></element><element id="ReferralRequest:qicore-referralrequest.specialty"><path value="ReferralRequest.specialty"/><mustSupport value="true"/><isModifier value="false"/><mapping><identity value="qdm"/><map value="primary code"/></mapping></element><element id="ReferralRequest:qicore-referralrequest.recipient"><path value="ReferralRequest.recipient"/><type><code value="Reference"/><targetProfile value="http://hl7.org/fhir/us/qicore/StructureDefinition/qicore-practitioner"/></type><type><code value="Reference"/><targetProfile value="http://hl7.org/fhir/us/qicore/StructureDefinition/qicore-organization"/></type><mustSupport value="true"/><isModifier value="false"/><mapping><identity value="qdm"/><map value="facility location"/></mapping></element><element id="ReferralRequest:qicore-referralrequest.reasonCode"><path value="ReferralRequest.reasonCode"/><mustSupport value="true"/><isModifier value="false"/><mapping><identity value="qdm"/><map value="reason"/></mapping></element></differential></StructureDefinition>