<?xml version="1.0" encoding="UTF-8"?><ValueSet xmlns="http://hl7.org/fhir"><id value="qicore-medication-dose-type"/><text><status value="generated"/><div xmlns="http://www.w3.org/1999/xhtml"><h2>SNOMED CT Dosages Codes</h2><div><p>This value set includes all the &quot;Dosages&quot; SNOMED CT codes (i.e. codes with an is-a relationship with 277406006: Dosages).</p>
</div><p><b>Copyright Statement:</b> This value set includes content from SNOMED CT, which is copyright &#xA9; 2002+ International Health Terminology Standards Development Organisation (IHTSDO), and distributed by agreement between IHTSDO and HL7. Implementer use of SNOMED CT is not covered by this agreement</p><p>This value set includes codes from the following code systems:</p><ul><li>Include codes from <a href="http://www.snomed.org/"><code>http://snomed.info/sct</code></a> where concept  is-a  277406006 (Dosages)</li></ul></div></text><url value="http://hl7.org/fhir/us/qicore/ValueSet/qicore-medication-dose-type"/><name value="SNOMED CT Dosages Codes"/><status value="draft"/><date value="2017-10-18T21:00:42+00:00"/><publisher value="Health Level Seven, Inc. - CQI WG"/><contact><telecom><system value="other"/><value value="http://hl7.org/special/committees/CQI"/></telecom></contact><description value="This value set includes all the &quot;Dosages&quot; SNOMED CT codes (i.e. codes with an is-a relationship with 277406006: Dosages)."/><copyright value="This value set includes content from SNOMED CT, which is copyright &#xA9; 2002+ International Health Terminology Standards Development Organisation (IHTSDO), and distributed by agreement between IHTSDO and HL7. Implementer use of SNOMED CT is not covered by this agreement"/><compose><include><system value="http://snomed.info/sct"/><filter><property value="concept"/><op value="is-a"/><value value="277406006"/></filter></include></compose></ValueSet>