<?xml version="1.0" encoding="UTF-8"?><ValueSet xmlns="http://hl7.org/fhir"><id value="qicore-communication-reason-not-performed"/><text><status value="generated"/><div xmlns="http://www.w3.org/1999/xhtml"><h2>Communication reason not performed codes</h2><div><p>Reason communication was not performed. A set of codes specifying the motivation, cause, or rationale of not performing a communication such as being rejected or refused. This value set is provided as a suggestive example.</p>
</div><p><b>Copyright Statement:</b> This value set includes content from SNOMED CT, which is copyright &#xA9; 2002+ International Health Terminology Standards Development Organisation (IHTSDO), and distributed by agreement between IHTSDO and HL7. Implementer use of SNOMED CT is not covered by this agreement.</p><p>This value set includes codes from the following code systems:</p><ul><li>Include codes from <a href="http://www.snomed.org/"><code>http://snomed.info/sct</code></a> where concept  is-a  410521004 (Not to be done (qualifier value))</li></ul></div></text><url value="http://hl7.org/fhir/us/qicore/ValueSet/qicore-communication-reason-not-performed"/><version value="0.02"/><name value="Communication reason not performed codes"/><status value="draft"/><experimental value="true"/><date value="2017-10-18T21:00:42+00:00"/><publisher value="HL7 Clinical Quality Information (CQI) Work Group"/><contact><telecom><system value="other"/><value value="http://www.hl7.org/Special/committees/cqi"/></telecom></contact><description value="Reason communication was not performed. A set of codes specifying the motivation, cause, or rationale of not performing a communication such as being rejected or refused. This value set is provided as a suggestive example."/><copyright value="This value set includes content from SNOMED CT, which is copyright &#xA9; 2002+ International Health Terminology Standards Development Organisation (IHTSDO), and distributed by agreement between IHTSDO and HL7. Implementer use of SNOMED CT is not covered by this agreement."/><compose><include><system value="http://snomed.info/sct"/><filter><property value="concept"/><op value="is-a"/><value value="410521004"/></filter></include></compose></ValueSet>