{"resourceType":"StructureDefinition","id":"qicore-flag","text":{"status":"generated","div":"<div xmlns=\"http://www.w3.org/1999/xhtml\"><table border=\"0\" cellpadding=\"0\" cellspacing=\"0\" style=\"border: 0px #F0F0F0 solid; font-size: 11px; font-family: verdana; vertical-align: top;\"><tr style=\"border: 1px #F0F0F0 solid; font-size: 11px; font-family: verdana; vertical-align: top;\"><th style=\"vertical-align: top; text-align : left; background-color: white; border: 0px #F0F0F0 solid; padding:0px 4px 0px 4px\" class=\"hierarchy\"><a href=\"http://hl7.org/fhir/STU3/formats.html#table\" title=\"The logical name of the element\">Name</a></th><th style=\"vertical-align: top; text-align : left; background-color: white; border: 0px #F0F0F0 solid; padding:0px 4px 0px 4px\" class=\"hierarchy\"><a href=\"http://hl7.org/fhir/STU3/formats.html#table\" title=\"Information about the use of the element\">Flags</a></th><th style=\"vertical-align: top; text-align : left; background-color: white; border: 0px #F0F0F0 solid; padding:0px 4px 0px 4px\" class=\"hierarchy\"><a href=\"http://hl7.org/fhir/STU3/formats.html#table\" title=\"Minimum and Maximum # of times the the element can appear in the instance\">Card.</a></th><th style=\"width: 100px\" class=\"hierarchy\"><a href=\"http://hl7.org/fhir/STU3/formats.html#table\" title=\"Reference to the type of the element\">Type</a></th><th style=\"vertical-align: top; text-align : left; background-color: white; border: 0px #F0F0F0 solid; padding:0px 4px 0px 4px\" class=\"hierarchy\"><a href=\"http://hl7.org/fhir/STU3/formats.html#table\" title=\"Additional information about the element\">Description &amp; Constraints</a><span style=\"float: right\"><a href=\"http://hl7.org/fhir/STU3/formats.html#table\" title=\"Legend for this format\"><img src=\"http://hl7.org/fhir/STU3/help16.png\" alt=\"doco\" style=\"background-color: inherit\"/></a></span></th></tr><tr style=\"border: 0px #F0F0F0 solid; padding:0px; vertical-align: top; background-color: white;\"><td style=\"vertical-align: top; text-align : left; background-color: white; border: 0px #F0F0F0 solid; padding:0px 4px 0px 4px; white-space: nowrap; background-image: url(tbl_bck1.png)\" class=\"hierarchy\"><img src=\"tbl_spacer.png\" alt=\".\" style=\"background-color: inherit\" class=\"hierarchy\"/><img src=\"icon_element.gif\" alt=\".\" style=\"background-color: white; background-color: inherit\" title=\"Element\" class=\"hierarchy\"/> <a href=\"qicore-flag-definitions.html#Flag:qicore-flag\" title=\"Slice QICore-Flag: \">Flag</a><a name=\"Flag\"> </a></td><td style=\"vertical-align: top; text-align : left; background-color: white; border: 0px #F0F0F0 solid; padding:0px 4px 0px 4px\" class=\"hierarchy\"/><td style=\"vertical-align: top; text-align : left; background-color: white; border: 0px #F0F0F0 solid; padding:0px 4px 0px 4px\" class=\"hierarchy\"><span style=\"opacity: 0.4\">0</span><span style=\"opacity: 0.5\">..</span><span style=\"opacity: 0.4\">*</span></td><td style=\"vertical-align: top; text-align : left; background-color: white; border: 0px #F0F0F0 solid; padding:0px 4px 0px 4px\" class=\"hierarchy\"/><td style=\"vertical-align: top; text-align : left; background-color: white; border: 0px #F0F0F0 solid; padding:0px 4px 0px 4px\" class=\"hierarchy\"/></tr>\r\n<tr style=\"border: 0px #F0F0F0 solid; padding:0px; vertical-align: top; background-color: white;\"><td style=\"vertical-align: top; text-align : left; background-color: white; border: 0px #F0F0F0 solid; padding:0px 4px 0px 4px; white-space: nowrap; background-image: url(tbl_bck10.png)\" class=\"hierarchy\"><img src=\"tbl_spacer.png\" alt=\".\" style=\"background-color: inherit\" class=\"hierarchy\"/><img src=\"tbl_vjoin.png\" alt=\".\" style=\"background-color: inherit\" class=\"hierarchy\"/><img src=\"icon_element.gif\" alt=\".\" style=\"background-color: white; background-color: inherit\" title=\"Element\" class=\"hierarchy\"/> <a href=\"qicore-flag-definitions.html#Flag:qicore-flag.status\">status</a><a name=\"Flag.status\"> </a></td><td style=\"vertical-align: top; text-align : left; background-color: white; border: 0px #F0F0F0 solid; padding:0px 4px 0px 4px\" class=\"hierarchy\"><span style=\"padding: 3px; color: white; background-color: red\" title=\"This element must be supported\">S</span></td><td style=\"vertical-align: top; text-align : left; background-color: white; border: 0px #F0F0F0 solid; padding:0px 4px 0px 4px\" class=\"hierarchy\"><span style=\"opacity: 0.4\">1</span><span style=\"opacity: 0.5\">..</span><span style=\"opacity: 0.4\">1</span></td><td style=\"vertical-align: top; text-align : left; background-color: white; border: 0px #F0F0F0 solid; padding:0px 4px 0px 4px\" class=\"hierarchy\"><a style=\"opacity: 0.4\" href=\"http://hl7.org/fhir/STU3/datatypes.html#code\">code</a></td><td style=\"vertical-align: top; text-align : left; background-color: white; border: 0px #F0F0F0 solid; padding:0px 4px 0px 4px\" class=\"hierarchy\"/></tr>\r\n<tr style=\"border: 0px #F0F0F0 solid; padding:0px; vertical-align: top; background-color: white;\"><td style=\"vertical-align: top; text-align : left; background-color: white; border: 0px #F0F0F0 solid; padding:0px 4px 0px 4px; white-space: nowrap; background-image: url(tbl_bck10.png)\" class=\"hierarchy\"><img src=\"tbl_spacer.png\" alt=\".\" style=\"background-color: inherit\" class=\"hierarchy\"/><img src=\"tbl_vjoin.png\" alt=\".\" style=\"background-color: inherit\" class=\"hierarchy\"/><img src=\"icon_element.gif\" alt=\".\" style=\"background-color: white; background-color: inherit\" title=\"Element\" class=\"hierarchy\"/> <a href=\"qicore-flag-definitions.html#Flag:qicore-flag.category\">category</a><a name=\"Flag.category\"> </a></td><td style=\"vertical-align: top; text-align : left; background-color: white; border: 0px #F0F0F0 solid; padding:0px 4px 0px 4px\" class=\"hierarchy\"><span style=\"padding: 3px; color: white; background-color: red\" title=\"This element must be supported\">S</span></td><td style=\"vertical-align: top; text-align : left; background-color: white; border: 0px #F0F0F0 solid; padding:0px 4px 0px 4px\" class=\"hierarchy\"><span style=\"opacity: 0.4\">0</span><span style=\"opacity: 0.5\">..</span><span style=\"opacity: 0.4\">1</span></td><td style=\"vertical-align: top; text-align : left; background-color: white; border: 0px #F0F0F0 solid; padding:0px 4px 0px 4px\" class=\"hierarchy\"><a style=\"opacity: 0.4\" href=\"http://hl7.org/fhir/STU3/datatypes.html#CodeableConcept\">CodeableConcept</a></td><td style=\"vertical-align: top; text-align : left; background-color: white; border: 0px #F0F0F0 solid; padding:0px 4px 0px 4px\" class=\"hierarchy\"><span style=\"font-weight:bold\">Binding: </span><a href=\"http://hl7.org/fhir/STU3/valueset-flag-category.html\">Flag Category</a> (<a href=\"http://hl7.org/fhir/STU3/terminologies.html#example\" title=\"Instances are not expected or even encouraged to draw from the specified value set.  The value set merely provides examples of the types of concepts intended to be included.\">example</a>)</td></tr>\r\n<tr style=\"border: 0px #F0F0F0 solid; padding:0px; vertical-align: top; background-color: white;\"><td style=\"vertical-align: top; text-align : left; background-color: white; border: 0px #F0F0F0 solid; padding:0px 4px 0px 4px; white-space: nowrap; background-image: url(tbl_bck10.png)\" class=\"hierarchy\"><img src=\"tbl_spacer.png\" alt=\".\" style=\"background-color: inherit\" class=\"hierarchy\"/><img src=\"tbl_vjoin.png\" alt=\".\" style=\"background-color: inherit\" class=\"hierarchy\"/><img src=\"icon_element.gif\" alt=\".\" style=\"background-color: white; background-color: inherit\" title=\"Element\" class=\"hierarchy\"/> <a href=\"qicore-flag-definitions.html#Flag:qicore-flag.code\">code</a><a name=\"Flag.code\"> </a></td><td style=\"vertical-align: top; text-align : left; background-color: white; border: 0px #F0F0F0 solid; padding:0px 4px 0px 4px\" class=\"hierarchy\"><span style=\"padding: 3px; color: white; background-color: red\" title=\"This element must be supported\">S</span></td><td style=\"vertical-align: top; text-align : left; background-color: white; border: 0px #F0F0F0 solid; padding:0px 4px 0px 4px\" class=\"hierarchy\"><span style=\"opacity: 0.4\">1</span><span style=\"opacity: 0.5\">..</span><span style=\"opacity: 0.4\">1</span></td><td style=\"vertical-align: top; text-align : left; background-color: white; border: 0px #F0F0F0 solid; padding:0px 4px 0px 4px\" class=\"hierarchy\"><a style=\"opacity: 0.4\" href=\"http://hl7.org/fhir/STU3/datatypes.html#CodeableConcept\">CodeableConcept</a></td><td style=\"vertical-align: top; text-align : left; background-color: white; border: 0px #F0F0F0 solid; padding:0px 4px 0px 4px\" class=\"hierarchy\"/></tr>\r\n<tr style=\"border: 0px #F0F0F0 solid; padding:0px; vertical-align: top; background-color: white;\"><td style=\"vertical-align: top; text-align : left; background-color: white; border: 0px #F0F0F0 solid; padding:0px 4px 0px 4px; white-space: nowrap; background-image: url(tbl_bck10.png)\" class=\"hierarchy\"><img src=\"tbl_spacer.png\" alt=\".\" style=\"background-color: inherit\" class=\"hierarchy\"/><img src=\"tbl_vjoin.png\" alt=\".\" style=\"background-color: inherit\" class=\"hierarchy\"/><img src=\"icon_reference.png\" alt=\".\" style=\"background-color: white; background-color: inherit\" title=\"Reference to another Resource\" class=\"hierarchy\"/> <a href=\"qicore-flag-definitions.html#Flag:qicore-flag.subject\">subject</a><a name=\"Flag.subject\"> </a></td><td style=\"vertical-align: top; text-align : left; background-color: white; border: 0px #F0F0F0 solid; padding:0px 4px 0px 4px\" class=\"hierarchy\"><span style=\"padding: 3px; color: white; background-color: red\" title=\"This element must be supported\">S</span></td><td style=\"vertical-align: top; text-align : left; background-color: white; border: 0px #F0F0F0 solid; padding:0px 4px 0px 4px\" class=\"hierarchy\"><span style=\"opacity: 0.4\">1</span><span style=\"opacity: 0.5\">..</span><span style=\"opacity: 0.4\">1</span></td><td style=\"vertical-align: top; text-align : left; background-color: white; border: 0px #F0F0F0 solid; padding:0px 4px 0px 4px\" class=\"hierarchy\"><a href=\"http://hl7.org/fhir/STU3/references.html\">Reference</a>(<a href=\"qicore-patient.html\">QICore-Patient</a>), <a href=\"http://hl7.org/fhir/STU3/references.html\">Reference</a>(<a href=\"qicore-location.html\">QICore-Location</a>), <a href=\"http://hl7.org/fhir/STU3/references.html\">Reference</a>(<a href=\"http://hl7.org/fhir/STU3/group.html\">Group</a>), <a href=\"http://hl7.org/fhir/STU3/references.html\">Reference</a>(<a href=\"qicore-organization.html\">QICore-Organization</a>), <a href=\"http://hl7.org/fhir/STU3/references.html\">Reference</a>(<a href=\"qicore-practitioner.html\">QICore-Practitioner</a>)</td><td style=\"vertical-align: top; text-align : left; background-color: white; border: 0px #F0F0F0 solid; padding:0px 4px 0px 4px\" class=\"hierarchy\"/></tr>\r\n<tr style=\"border: 0px #F0F0F0 solid; padding:0px; vertical-align: top; background-color: white;\"><td style=\"vertical-align: top; text-align : left; background-color: white; border: 0px #F0F0F0 solid; padding:0px 4px 0px 4px; white-space: nowrap; background-image: url(tbl_bck00.png)\" class=\"hierarchy\"><img src=\"tbl_spacer.png\" alt=\".\" style=\"background-color: inherit\" class=\"hierarchy\"/><img src=\"tbl_vjoin_end.png\" alt=\".\" style=\"background-color: inherit\" class=\"hierarchy\"/><img src=\"icon_element.gif\" alt=\".\" style=\"background-color: white; background-color: inherit\" title=\"Element\" class=\"hierarchy\"/> <a href=\"qicore-flag-definitions.html#Flag:qicore-flag.period\">period</a><a name=\"Flag.period\"> </a></td><td style=\"vertical-align: top; text-align : left; background-color: white; border: 0px #F0F0F0 solid; padding:0px 4px 0px 4px\" class=\"hierarchy\"><span style=\"padding: 3px; color: white; background-color: red\" title=\"This element must be supported\">S</span></td><td style=\"vertical-align: top; text-align : left; background-color: white; border: 0px #F0F0F0 solid; padding:0px 4px 0px 4px\" class=\"hierarchy\"><span style=\"opacity: 0.4\">0</span><span style=\"opacity: 0.5\">..</span><span style=\"opacity: 0.4\">1</span></td><td style=\"vertical-align: top; text-align : left; background-color: white; border: 0px #F0F0F0 solid; padding:0px 4px 0px 4px\" class=\"hierarchy\"><a style=\"opacity: 0.4\" href=\"http://hl7.org/fhir/STU3/datatypes.html#Period\">Period</a></td><td style=\"vertical-align: top; text-align : left; background-color: white; border: 0px #F0F0F0 solid; padding:0px 4px 0px 4px\" class=\"hierarchy\"/></tr>\r\n<tr><td colspan=\"5\" class=\"hierarchy\"><br/><a href=\"http://hl7.org/fhir/STU3/formats.html#table\" title=\"Legend for this format\"><img src=\"http://hl7.org/fhir/STU3/help16.png\" alt=\"doco\" style=\"background-color: inherit\"/> Documentation for this format</a></td></tr></table></div>"},"url":"http://hl7.org/fhir/us/qicore/StructureDefinition/qicore-flag","version":"0.5","name":"QICore-Flag","status":"draft","date":"2017-08-21","publisher":"Health Level Seven International (Clinical Quality Information - QICore)","contact":[{"telecom":[{"system":"url","value":"http://hl7.org/special/committees/CQI"}]}],"fhirVersion":"3.0.1","mapping":[{"identity":"qdm","uri":"http://www.healthit.gov/quality-data-model","name":"Quality Data Model"},{"identity":"rim","uri":"http://hl7.org/v3","name":"RIM Mapping"},{"identity":"w5","uri":"http://hl7.org/fhir/w5","name":"W5 Mapping"}],"kind":"resource","abstract":false,"type":"Flag","baseDefinition":"http://hl7.org/fhir/StructureDefinition/Flag","derivation":"constraint","snapshot":{"element":[{"id":"Flag:qicore-flag","path":"Flag","sliceName":"QICore-Flag","short":"Key information to flag to healthcare providers","definition":"Prospective warnings of potential issues when providing care to the patient.","alias":["Barriers to Care","Alert","Warning"],"min":0,"max":"*","base":{"path":"Flag","min":0,"max":"*"},"constraint":[{"key":"dom-2","severity":"error","human":"If the resource is contained in another resource, it SHALL NOT contain nested Resources","expression":"contained.contained.empty()","xpath":"not(parent::f:contained and f:contained)","source":"DomainResource"},{"key":"dom-1","severity":"error","human":"If the resource is contained in another resource, it SHALL NOT contain any narrative","expression":"contained.text.empty()","xpath":"not(parent::f:contained and f:text)","source":"DomainResource"},{"key":"dom-4","severity":"error","human":"If a resource is contained in another resource, it SHALL NOT have a meta.versionId or a meta.lastUpdated","expression":"contained.meta.versionId.empty() and contained.meta.lastUpdated.empty()","xpath":"not(exists(f:contained/*/f:meta/f:versionId)) and not(exists(f:contained/*/f:meta/f:lastUpdated))","source":"DomainResource"},{"key":"dom-3","severity":"error","human":"If the resource is contained in another resource, it SHALL be referred to from elsewhere in the resource","expression":"contained.where(('#'+id in %resource.descendants().reference).not()).empty()","xpath":"not(exists(for $id in f:contained/*/@id return $id[not(ancestor::f:contained/parent::*/descendant::f:reference/@value=concat('#', $id))]))","source":"DomainResource"}],"mustSupport":false,"mapping":[{"identity":"rim","map":"Entity. Role, or Act"},{"identity":"rim","map":"Observation[classCode=ISSUE, moodCode=EVN]"},{"identity":"w5","map":"workflow.encounter"},{"identity":"qdm","map":"Device, Intolerance"}]},{"id":"Flag:qicore-flag.id","path":"Flag.id","short":"Logical id of this artifact","definition":"The logical id of the resource, as used in the URL for the resource. Once assigned, this value never changes.","comment":"The only time that a resource does not have an id is when it is being submitted to the server using a create operation.","min":0,"max":"1","base":{"path":"Resource.id","min":0,"max":"1"},"type":[{"code":"id"}],"isSummary":true},{"id":"Flag:qicore-flag.meta","path":"Flag.meta","short":"Metadata about the resource","definition":"The metadata about the resource. This is content that is maintained by the infrastructure. Changes to the content may not always be associated with version changes to the resource.","min":0,"max":"1","base":{"path":"Resource.meta","min":0,"max":"1"},"type":[{"code":"Meta"}],"isSummary":true},{"id":"Flag:qicore-flag.implicitRules","path":"Flag.implicitRules","short":"A set of rules under which this content was created","definition":"A reference to a set of rules that were followed when the resource was constructed, and which must be understood when processing the content.","comment":"Asserting this rule set restricts the content to be only understood by a limited set of trading partners. This inherently limits the usefulness of the data in the long term. However, the existing health eco-system is highly fractured, and not yet ready to define, collect, and exchange data in a generally computable sense. Wherever possible, implementers and/or specification writers should avoid using this element. \n\nThis element is labelled as a modifier because the implicit rules may provide additional knowledge about the resource that modifies it's meaning or interpretation.","min":0,"max":"1","base":{"path":"Resource.implicitRules","min":0,"max":"1"},"type":[{"code":"uri"}],"isModifier":true,"isSummary":true},{"id":"Flag:qicore-flag.language","path":"Flag.language","short":"Language of the resource content","definition":"The base language in which the resource is written.","comment":"Language is provided to support indexing and accessibility (typically, services such as text to speech use the language tag). The html language tag in the narrative applies  to the narrative. The language tag on the resource may be used to specify the language of other presentations generated from the data in the resource  Not all the content has to be in the base language. The Resource.language should not be assumed to apply to the narrative automatically. If a language is specified, it should it also be specified on the div element in the html (see rules in HTML5 for information about the relationship between xml:lang and the html lang attribute).","min":0,"max":"1","base":{"path":"Resource.language","min":0,"max":"1"},"type":[{"code":"code"}],"binding":{"extension":[{"url":"http://hl7.org/fhir/StructureDefinition/elementdefinition-maxValueSet","valueReference":{"reference":"http://hl7.org/fhir/ValueSet/all-languages"}},{"url":"http://hl7.org/fhir/StructureDefinition/elementdefinition-bindingName","valueString":"Language"},{"url":"http://hl7.org/fhir/StructureDefinition/elementdefinition-isCommonBinding","valueBoolean":true}],"strength":"extensible","description":"A human language.","valueSetReference":{"reference":"http://hl7.org/fhir/ValueSet/languages"}}},{"id":"Flag:qicore-flag.text","path":"Flag.text","short":"Text summary of the resource, for human interpretation","definition":"A human-readable narrative that contains a summary of the resource, and may be used to represent the content of the resource to a human. The narrative need not encode all the structured data, but is required to contain sufficient detail to make it \"clinically safe\" for a human to just read the narrative. Resource definitions may define what content should be represented in the narrative to ensure clinical safety.","comment":"Contained resources do not have narrative. Resources that are not contained SHOULD have a narrative. In some cases, a resource may only have text with little or no additional discrete data (as long as all minOccurs=1 elements are satisfied).  This may be necessary for data from legacy systems where information is captured as a \"text blob\" or where text is additionally entered raw or narrated and encoded in formation is added later.","alias":["narrative","html","xhtml","display"],"min":0,"max":"1","base":{"path":"DomainResource.text","min":0,"max":"1"},"type":[{"code":"Narrative"}],"condition":["dom-1"],"mapping":[{"identity":"rim","map":"Act.text?"}]},{"id":"Flag:qicore-flag.contained","path":"Flag.contained","short":"Contained, inline Resources","definition":"These resources do not have an independent existence apart from the resource that contains them - they cannot be identified independently, and nor can they have their own independent transaction scope.","comment":"This should never be done when the content can be identified properly, as once identification is lost, it is extremely difficult (and context dependent) to restore it again.","alias":["inline resources","anonymous resources","contained resources"],"min":0,"max":"*","base":{"path":"DomainResource.contained","min":0,"max":"*"},"type":[{"code":"Resource"}],"mapping":[{"identity":"rim","map":"N/A"}]},{"id":"Flag:qicore-flag.extension","path":"Flag.extension","short":"Additional Content defined by implementations","definition":"May be used to represent additional information that is not part of the basic definition of the resource. In order to make the use of extensions safe and manageable, there is a strict set of governance  applied to the definition and use of extensions. Though any implementer is allowed to define an extension, there is a set of requirements that SHALL be met as part of the definition of the extension.","comment":"There can be no stigma associated with the use of extensions by any application, project, or standard - regardless of the institution or jurisdiction that uses or defines the extensions.  The use of extensions is what allows the FHIR specification to retain a core level of simplicity for everyone.","alias":["extensions","user content"],"min":0,"max":"*","base":{"path":"DomainResource.extension","min":0,"max":"*"},"type":[{"code":"Extension"}],"mapping":[{"identity":"rim","map":"N/A"}]},{"id":"Flag:qicore-flag.modifierExtension","path":"Flag.modifierExtension","short":"Extensions that cannot be ignored","definition":"May be used to represent additional information that is not part of the basic definition of the resource, and that modifies the understanding of the element that contains it. Usually modifier elements provide negation or qualification. In order to make the use of extensions safe and manageable, there is a strict set of governance applied to the definition and use of extensions. Though any implementer is allowed to define an extension, there is a set of requirements that SHALL be met as part of the definition of the extension. Applications processing a resource are required to check for modifier extensions.","comment":"There can be no stigma associated with the use of extensions by any application, project, or standard - regardless of the institution or jurisdiction that uses or defines the extensions.  The use of extensions is what allows the FHIR specification to retain a core level of simplicity for everyone.","alias":["extensions","user content"],"min":0,"max":"*","base":{"path":"DomainResource.modifierExtension","min":0,"max":"*"},"type":[{"code":"Extension"}],"isModifier":true,"mapping":[{"identity":"rim","map":"N/A"}]},{"id":"Flag:qicore-flag.identifier","path":"Flag.identifier","short":"Business identifier","definition":"Identifier assigned to the flag for external use (outside the FHIR environment).","min":0,"max":"*","base":{"path":"Flag.identifier","min":0,"max":"*"},"type":[{"code":"Identifier"}],"isSummary":true,"mapping":[{"identity":"rim","map":".id"},{"identity":"w5","map":"id"}]},{"id":"Flag:qicore-flag.status","path":"Flag.status","short":"active | inactive | entered-in-error","definition":"Supports basic workflow.","comment":"This element is labeled as a modifier because the status contains codes that mark the resource as not currently valid.","min":1,"max":"1","base":{"path":"Flag.status","min":1,"max":"1"},"type":[{"code":"code"}],"mustSupport":true,"isModifier":true,"isSummary":true,"binding":{"extension":[{"url":"http://hl7.org/fhir/StructureDefinition/elementdefinition-bindingName","valueString":"FlagStatus"}],"strength":"required","description":"Indicates whether this flag is active and needs to be displayed to a user, or whether it is no longer needed or entered in error.","valueSetReference":{"reference":"http://hl7.org/fhir/ValueSet/flag-status"}},"mapping":[{"identity":"rim","map":".status"},{"identity":"w5","map":"status"},{"identity":"qdm","map":"negation rationale (Flag.status=inactive, entered-in-error)"}]},{"id":"Flag:qicore-flag.category","path":"Flag.category","short":"Clinical, administrative, etc.","definition":"Allows an flag to be divided into different categories like clinical, administrative etc. Intended to be used as a means of filtering which flags are displayed to particular user or in a given context.","min":0,"max":"1","base":{"path":"Flag.category","min":0,"max":"1"},"type":[{"code":"CodeableConcept"}],"mustSupport":true,"isSummary":true,"binding":{"strength":"example","description":"Example list of general categories for flagged issues. (Not complete or necessarily appropriate.)","valueSetReference":{"reference":"http://hl7.org/fhir/ValueSet/flag-category"}},"mapping":[{"identity":"rim","map":".code"},{"identity":"w5","map":"class"}]},{"id":"Flag:qicore-flag.code","path":"Flag.code","short":"Coded or textual message to display to user","definition":"The coded value or textual component of the flag to display to the user.","comment":"If non coded, use CodeableConcept.text.  This element should always be included in the narrative.","min":1,"max":"1","base":{"path":"Flag.code","min":1,"max":"1"},"type":[{"code":"CodeableConcept"}],"mustSupport":true,"isSummary":true,"binding":{"extension":[{"url":"http://hl7.org/fhir/StructureDefinition/elementdefinition-bindingName","valueString":"FlagCode"}],"strength":"example","description":"Detail codes identifying specific flagged issues.","valueSetReference":{"reference":"http://hl7.org/fhir/ValueSet/flag-code"}},"mapping":[{"identity":"rim","map":".value"},{"identity":"w5","map":"what"},{"identity":"qdm","map":"primary code"}]},{"id":"Flag:qicore-flag.subject","path":"Flag.subject","short":"Who/What is flag about?","definition":"The patient, location, group , organization , or practitioner, etc. this is about record this flag is associated with.","min":1,"max":"1","base":{"path":"Flag.subject","min":1,"max":"1"},"type":[{"code":"Reference","targetProfile":"http://hl7.org/fhir/us/qicore/StructureDefinition/qicore-patient"},{"code":"Reference","targetProfile":"http://hl7.org/fhir/us/qicore/StructureDefinition/qicore-location"},{"code":"Reference","targetProfile":"http://hl7.org/fhir/StructureDefinition/Group"},{"code":"Reference","targetProfile":"http://hl7.org/fhir/us/qicore/StructureDefinition/qicore-organization"},{"code":"Reference","targetProfile":"http://hl7.org/fhir/us/qicore/StructureDefinition/qicore-practitioner"}],"mustSupport":true,"isSummary":true,"mapping":[{"identity":"rim","map":".participation[typeCode=SBJ].role[classCode=PAT | LOCE | ASSIGNED]"},{"identity":"w5","map":"who.focus"}]},{"id":"Flag:qicore-flag.period","path":"Flag.period","short":"Time period when flag is active","definition":"The period of time from the activation of the flag to inactivation of the flag. If the flag is active, the end of the period should be unspecified.","min":0,"max":"1","base":{"path":"Flag.period","min":0,"max":"1"},"type":[{"code":"Period"}],"mustSupport":true,"isSummary":true,"mapping":[{"identity":"w5","map":"context"}]},{"id":"Flag:qicore-flag.encounter","path":"Flag.encounter","short":"Alert relevant during encounter","definition":"This alert is only relevant during the encounter.","comment":"If both Flag.encounter and Flag.period are valued, then Flag.period.start shall not be before Encounter.period.start and Flag.period.end shall not be after Encounter.period.end.","min":0,"max":"1","base":{"path":"Flag.encounter","min":0,"max":"1"},"type":[{"code":"Reference","targetProfile":"http://hl7.org/fhir/StructureDefinition/Encounter"}],"isSummary":true,"mapping":[{"identity":"w5","map":"context"}]},{"id":"Flag:qicore-flag.author","path":"Flag.author","short":"Flag creator","definition":"The person, organization or device that created the flag.","min":0,"max":"1","base":{"path":"Flag.author","min":0,"max":"1"},"type":[{"code":"Reference","targetProfile":"http://hl7.org/fhir/StructureDefinition/Device"},{"code":"Reference","targetProfile":"http://hl7.org/fhir/StructureDefinition/Organization"},{"code":"Reference","targetProfile":"http://hl7.org/fhir/StructureDefinition/Patient"},{"code":"Reference","targetProfile":"http://hl7.org/fhir/StructureDefinition/Practitioner"}],"isSummary":true,"mapping":[{"identity":"rim","map":".participation[typeCode=AUT].role"},{"identity":"w5","map":"who.author"}]}]},"differential":{"element":[{"id":"Flag:qicore-flag","path":"Flag","sliceName":"QICore-Flag","mustSupport":false,"isModifier":false,"mapping":[{"identity":"qdm","map":"Device, Intolerance"}]},{"id":"Flag:qicore-flag.status","path":"Flag.status","mustSupport":true,"isModifier":false,"mapping":[{"identity":"qdm","map":"negation rationale (Flag.status=inactive, entered-in-error)"}]},{"id":"Flag:qicore-flag.category","path":"Flag.category","mustSupport":true,"isModifier":false,"binding":{"strength":"example","description":"Example list of general categories for flagged issues. (Not complete or necessarily appropriate.)","valueSetReference":{"reference":"http://hl7.org/fhir/ValueSet/flag-category"}}},{"id":"Flag:qicore-flag.code","path":"Flag.code","mustSupport":true,"isModifier":false,"mapping":[{"identity":"qdm","map":"primary code"}]},{"id":"Flag:qicore-flag.subject","path":"Flag.subject","type":[{"code":"Reference","targetProfile":"http://hl7.org/fhir/us/qicore/StructureDefinition/qicore-patient"},{"code":"Reference","targetProfile":"http://hl7.org/fhir/us/qicore/StructureDefinition/qicore-location"},{"code":"Reference","targetProfile":"http://hl7.org/fhir/StructureDefinition/Group"},{"code":"Reference","targetProfile":"http://hl7.org/fhir/us/qicore/StructureDefinition/qicore-organization"},{"code":"Reference","targetProfile":"http://hl7.org/fhir/us/qicore/StructureDefinition/qicore-practitioner"}],"mustSupport":true,"isModifier":false},{"id":"Flag:qicore-flag.period","path":"Flag.period","mustSupport":true,"isModifier":false}]}}