{"resourceType":"ValueSet","id":"qicore-goal-reason-rejected","text":{"status":"generated","div":"<div xmlns=\"http://www.w3.org/1999/xhtml\"><h2>Reasons for rejecting goal codes</h2><div><p>The value set to instantiate this attribute should be drawn from a terminologically robust code system that consists of or contains concepts to support the goal process, in particular the process and reasons for rejecting a goal. This value set is provided as a suggestive example.</p>\n</div><p><b>Copyright Statement:</b> This value set includes content from SNOMED CT, which is copyright © 2002+ International Health Terminology Standards Development Organisation (IHTSDO), and distributed by agreement between IHTSDO and HL7. Implementer use of SNOMED CT is not covered by this agreement.</p><p>This value set includes codes from the following code systems:</p><ul><li>Include these codes as defined in <a href=\"http://hl7.org/fhir/STU3/v3/ActReason/cs.html\"><code>http://hl7.org/fhir/v3/ActReason</code></a><table class=\"none\"><tr><td><b>Code</b></td><td><b>Display</b></td></tr><tr><td><a href=\"http://hl7.org/fhir/STU3/v3/ActReason/cs.html#v3-ActReason-BLK\">BLK</a></td><td>Unexpected Block (of Schedule)</td><td>The time slots previously allocated are now blocked and no longer available for booking Appointments</td></tr><tr><td><a href=\"http://hl7.org/fhir/STU3/v3/ActReason/cs.html#v3-ActReason-DEC\">DEC</a></td><td>Patient Deceased</td><td>The Patient is deceased</td></tr><tr><td><a href=\"http://hl7.org/fhir/STU3/v3/ActReason/cs.html#v3-ActReason-FIN\">FIN</a></td><td>No Financial Backing</td><td>Patient unable to pay and not covered by insurance</td></tr><tr><td><a href=\"http://hl7.org/fhir/STU3/v3/ActReason/cs.html#v3-ActReason-MED\">MED</a></td><td>Medical Status Altered</td><td>The medical condition of the Patient has changed</td></tr><tr><td><a href=\"http://hl7.org/fhir/STU3/v3/ActReason/cs.html#v3-ActReason-ALTD\">ALTD</a></td><td>altered decision</td><td>Description:The decision on which the recorded information was based was changed before the decision had an effect.<br/>\n                        \n                           Example:Aborted prescription before patient left office, released prescription before suspend took effect.</td></tr></table></li><li>Include codes from <a href=\"http://www.snomed.org/\"><code>http://snomed.info/sct</code></a> where concept  is-a  410521004 (Not to be done (qualifier value))</li></ul></div>"},"url":"http://hl7.org/fhir/us/qicore/ValueSet/qicore-goal-reason-rejected","name":"Reasons for rejecting goal codes","status":"draft","experimental":true,"date":"2017-10-18T21:00:42+00:00","publisher":"HL7 Clinical Quality Information (CQI) Work Group","contact":[{"telecom":[{"system":"other","value":"http://www.hl7.org/Special/committees/cqi"}]}],"description":"The value set to instantiate this attribute should be drawn from a terminologically robust code system that consists of or contains concepts to support the goal process, in particular the process and reasons for rejecting a goal. This value set is provided as a suggestive example.","copyright":"This value set includes content from SNOMED CT, which is copyright © 2002+ International Health Terminology Standards Development Organisation (IHTSDO), and distributed by agreement between IHTSDO and HL7. Implementer use of SNOMED CT is not covered by this agreement.","compose":{"include":[{"system":"http://hl7.org/fhir/v3/ActReason","concept":[{"code":"BLK"},{"code":"DEC"},{"code":"FIN"},{"code":"MED"},{"code":"ALTD"}]},{"system":"http://snomed.info/sct","filter":[{"property":"concept","op":"is-a","value":"410521004"}]}]}}