{"resourceType":"ValueSet","id":"qicore-condition-certainty","text":{"status":"generated","div":"<div xmlns=\"http://www.w3.org/1999/xhtml\"><h2>Condition/Diagnosis Certainty</h2><div><p>Example value set for Condition/Problem/Diagnosis certainty</p>\n</div><p><b>Copyright Statement:</b> This value set includes content from SNOMED CT, which is copyright © 2002+ International Health Terminology Standards Development Organisation (IHTSDO), and distributed by agreement between IHTSDO and HL7. Implementer use of SNOMED CT is not covered by this agreement</p><p>This value set includes codes from the following code systems:</p><ul><li>Include codes from <a href=\"http://www.snomed.org/\"><code>http://snomed.info/sct</code></a> where concept  is-a  36692007 (Known)</li></ul></div>"},"url":"http://hl7.org/fhir/us/qicore/ValueSet/qicore-condition-certainty","name":"Condition/Diagnosis Certainty","status":"draft","date":"2017-10-18T21:00:42+00:00","publisher":"FHIR Project team","contact":[{"telecom":[{"system":"other","value":"http://hl7.org/fhir"}]}],"description":"Example value set for Condition/Problem/Diagnosis certainty","copyright":"This value set includes content from SNOMED CT, which is copyright © 2002+ International Health Terminology Standards Development Organisation (IHTSDO), and distributed by agreement between IHTSDO and HL7. Implementer use of SNOMED CT is not covered by this agreement","compose":{"include":[{"system":"http://snomed.info/sct","filter":[{"property":"concept","op":"is-a","value":"36692007"}]}]}}