{
  "resourceType": "AllergyIntolerance",
  "id": "qicore-allergyintolerance-refuted-example",
  "text": {
    "status": "generated",
    "div": "<div xmlns=\"http://www.w3.org/1999/xhtml\">\n      <p>\n        <strong>id</strong>: example      \n      </p>\n      <p>\n        <strong>identifier</strong>: 49476534      \n      </p>\n      <p>\n        <strong>clinicalStatus</strong>: inactive      \n      </p>\n      <p>\n        <strong>verificationStatus</strong>: refuted      \n      </p>\n      <p>\n        <strong>type</strong>: allergy      \n      </p>\n      <p>\n        <strong>category</strong>: food      \n      </p>\n      <p>\n        <strong>code</strong>: Cashew nuts         \n        <span>(Details: { SNOMED CT code '227493005' = 'Cashew nuts', given as 'Cashew nuts' })</span>\n      </p>\n      <p>\n        <strong>patient</strong>:         \n        <a href=\"Patient-qicore-patient-example.html\">Patient/example</a>\n      </p>\n      <p>\n        <strong>assertedDate</strong>: 10/09/2014      \n      </p>\n      <p>\n        <strong>recorder</strong>:         \n        <a href=\"Practitioner-qicore-practitioner-example.html\">Practitioner/example</a>\n      </p>\n      <p>\n        <strong>asserter</strong>:         \n        <a href=\"Patient-qicore-patient-example.html\">Patient/example</a>\n      </p>\n    </div>"
  },
  "extension": [
    {
      "url": "http://hl7.org/fhir/StructureDefinition/allergyintolerance-reasonRefuted",
      "valueCodeableConcept": {
        "coding": [
          {
            "system": "http://hl7.org/fhir/v3/ActReason",
            "code": "MED",
            "display": "Medical Status Altered"
          }
        ]
      }
    }
  ],
  "identifier": [
    {
      "system": "http://acme.com/ids/patients/risks",
      "value": "49476534"
    }
  ],
  "clinicalStatus": "inactive",
  "verificationStatus": "refuted",
  "type": "allergy",
  "category": [
    "food"
  ],
  "code": {
    "coding": [
      {
        "system": "http://snomed.info/sct",
        "code": "227493005",
        "display": "Cashew nuts"
      }
    ]
  },
  "patient": {
    "reference": "Patient/example"
  },
  "assertedDate": "2014-10-09T14:58:00+11:00",
  "recorder": {
    "reference": "Practitioner/example"
  },
  "asserter": {
    "reference": "Patient/example"
  }
}