{
  "resourceType": "Claim",
  "id": "qicore-claim-example",
  "text": {
    "status": "generated",
    "div": "<div xmlns=\"http://www.w3.org/1999/xhtml\">\n      <p>\n        <strong>id</strong>: example            \n      </p>\n      <p>\n        <strong>identifier</strong>: 6612346            \n      </p>\n      <p>\n        <strong>type</strong>: vision      \n      </p>\n      <p>\n        <strong>use</strong>: complete      \n      </p>\n      <p>\n        <strong>patient</strong>:                 \n        <a href=\"Patient-qicore-patient-example.html\">Patient/example</a>\n      </p>\n      <p>\n        <strong>insurer</strong>:                 \n        <a href=\"Organization-qicore-organization-example.html\">Organization/example</a>\n      </p>\n      <p>\n        <strong>organization</strong>:                 \n        <a href=\"Organization-qicore-organization-example.html\">Organization/example</a>\n      </p>\n      <p>\n        <strong>priority</strong>: normal      \n      </p>\n      <p>\n        <strong>prescription</strong>:                 \n        <a href=\"MedicationRequest-qicore-medicationrequest-example\">MedicationRequest/example</a>\n      </p>\n      <p>\n        <strong>payee</strong>:\n        <a href=\"Provider-qicore-practitioner-example\">Practitioner/example</a>\n      </p>\n      <p>\n        <strong>careTeam</strong>:\n        <a href=\"Provider-qicore-practitioner-example\">Practitioner/example</a>\n      </p>\n      <p>\n        <strong>diagnosis</strong>: 654321      \n      </p>\n      <p>\n        <strong>insurance</strong>:                 \n        <a href=\"Coverage-qicore-converage-example\">Coverage/example</a>\n      </p>\n      <blockquote>\n        <p>\n          <strong>item</strong>\n        </p>\n        <p>\n          <strong>service</strong>: glasses        \n        </p>\n        <p>\n          <strong>unitPrice</strong>: 214.00        \n        </p>\n        <p>\n          <strong>net</strong>: 214.00        \n        </p>\n        <blockquote>\n          <p><strong>detail 1</strong></p>\n          <p>\n            <strong>service</strong>: frame          \n          </p>\n          <p>\n            <strong>unitPrice</strong>: 100.00          \n          </p>\n          <p>\n            <strong>net</strong>: 100.00          \n          </p>\n        </blockquote>\n        <blockquote>\n          <p><strong>detail 2</strong></p>\n          <p>\n            <strong>service</strong>: lens          \n          </p>\n          <p>\n            <strong>unitPrice</strong>: 50.00          \n          </p>\n          <p>\n            <strong>net</strong>: 100.00          \n          </p>\n        </blockquote>\n        <blockquote>\n          <p><strong>detail 3</strong></p>\n          <p>\n            <strong>service</strong>: fst          \n          </p>\n          <p>\n            <strong>unitPrice</strong>: 200.00          \n          </p>\n          <p>\n            <strong>factor</strong>: 0.07          \n          </p>\n          <p>\n            <strong>net</strong>: 14.00          \n          </p>\n        </blockquote>\n      </blockquote>\n    </div>"
  },
  "identifier": [
    {
      "system": "http://happysight.com/claim",
      "value": "6612346"
    }
  ],
  "status": "active",
  "type": {
    "coding": [
      {
        "system": "http://hl7.org/fhir/ex-claimtype",
        "code": "vision"
      }
    ]
  },
  "use": "complete",
  "patient": {
    "reference": "Patient/example"
  },
  "created": "2014-08-16",
  "insurer": {
    "reference": "Organization/example"
  },
  "organization": {
    "reference": "Organization/example"
  },
  "priority": {
    "coding": [
      {
        "code": "normal"
      }
    ]
  },
  "prescription": {
    "reference": "MedicationRequest/example"
  },
  "payee": {
    "type": {
      "coding": [
        {
          "code": "provider"
        }
      ]
    },
    "party": {
      "reference": "Provider/example"
    }
  },
  "careTeam": [
    {
      "sequence": 1,
      "provider": {
        "reference": "Practitioner/example"
      }
    }
  ],
  "diagnosis": [
    {
      "sequence": 1,
      "diagnosisCodeableConcept": {
        "coding": [
          {
            "code": "654321"
          }
        ]
      }
    }
  ],
  "insurance": [
    {
      "sequence": 1,
      "focal": true,
      "coverage": {
        "reference": "Coverage/9876B1"
      }
    }
  ],
  "item": [
    {
      "sequence": 1,
      "careTeamLinkId": [
        1
      ],
      "service": {
        "coding": [
          {
            "system": "http://hl7.org/fhir/ex-visionservice",
            "code": "glasses"
          }
        ]
      },
      "servicedDate": "2014-08-16",
      "unitPrice": {
        "value": 214.00,
        "system": "urn:iso:std:iso:4217",
        "code": "USD"
      },
      "net": {
        "value": 214.00,
        "system": "urn:iso:std:iso:4217",
        "code": "USD"
      },
      "detail": [
        {
          "sequence": 1,
          "service": {
            "coding": [
              {
                "system": "http://hl7.org/fhir/ex-visionservice",
                "code": "frame"
              }
            ]
          },
          "unitPrice": {
            "value": 100.00,
            "system": "urn:iso:std:iso:4217",
            "code": "USD"
          },
          "net": {
            "value": 100.00,
            "system": "urn:iso:std:iso:4217",
            "code": "USD"
          }
        },
        {
          "sequence": 2,
          "service": {
            "coding": [
              {
                "system": "http://hl7.org/fhir/ex-visionservice",
                "code": "lens"
              }
            ]
          },
          "quantity": {
            "value": 2
          },
          "unitPrice": {
            "value": 50.00,
            "system": "urn:iso:std:iso:4217",
            "code": "USD"
          },
          "net": {
            "value": 100.00,
            "system": "urn:iso:std:iso:4217",
            "code": "USD"
          }
        },
        {
          "sequence": 3,
          "service": {
            "coding": [
              {
                "system": "http://hl7.org/fhir/ex-visionservice",
                "code": "fst"
              }
            ]
          },
          "unitPrice": {
            "value": 200.00,
            "system": "urn:iso:std:iso:4217",
            "code": "USD"
          },
          "factor": 0.07,
          "net": {
            "value": 14.00,
            "system": "urn:iso:std:iso:4217",
            "code": "USD"
          }
        }
      ]
    }
  ]
}