{
  "resourceType": "CodeSystem",
  "id": "qicore-appropriateness-score",
  "text": {
    "status": "generated",
    "div": "<div xmlns=\"http://www.w3.org/1999/xhtml\">\n            <h2>QICoreAppropriatenessScore</h2>\n            <p>The RAND scoring for appropriateness of the procedure.</p>\n            <p>This code system http://hl7.org/fhir/appropriateness-score defines the following codes:</p>\n            <table class=\"codes\">\n                <tr>\n                    <td>\n                        <strong>Code</strong>\n                    </td>\n                    <td>\n                        <strong>Display</strong>\n                    </td>\n                    <td>\n                        <strong>Definition</strong>\n                    </td>\n                </tr>\n                <tr>\n                    <td>extremely-inappropriate\n                        <a name=\"extremely-inappropriate\"> </a>\n                    </td>\n                    <td>Extremely Inappropriate</td>\n                    <td>The procedure is extremely inappropriate</td>\n                </tr>\n                <tr>\n                    <td>inappropriate\n                        <a name=\"inappropriate\"> </a>\n                    </td>\n                    <td>Inappropriate</td>\n                    <td>The procedure is inappropriate</td>\n                </tr>\n                <tr>\n                    <td>probably-inappropriate\n                        <a name=\"probably-inappropriate\"> </a>\n                    </td>\n                    <td>Probably Inappropriate</td>\n                    <td>The procedure is probably inappropriate</td>\n                </tr>\n                <tr>\n                    <td>uncertain-inappropriate\n                        <a name=\"uncertain-inappropriate\"> </a>\n                    </td>\n                    <td>Uncertain Inappropriate</td>\n                    <td>The appropriateness of the procedure is uncertain, leaning towards inappropriate</td>\n                </tr>\n                <tr>\n                    <td>uncertain\n                        <a name=\"uncertain\"> </a>\n                    </td>\n                    <td>Uncertain</td>\n                    <td>The appropriateness of the procedure is uncertain</td>\n                </tr>\n                <tr>\n                    <td>uncertain-appropriate\n                        <a name=\"uncertain-appropriate\"> </a>\n                    </td>\n                    <td>Uncertain Appropriate</td>\n                    <td>The appropriateness of the procedure is uncertain, leaning towards appropriate</td>\n                </tr>\n                <tr>\n                    <td>probably-appropriate\n                        <a name=\"probably-appropriate\"> </a>\n                    </td>\n                    <td>Probably Appropriate</td>\n                    <td>The procedure is probably appropriate</td>\n                </tr>\n                <tr>\n                    <td>appropriate\n                        <a name=\"appropriate\"> </a>\n                    </td>\n                    <td>Appropriate</td>\n                    <td>The procedure is appropriate</td>\n                </tr>\n                <tr>\n                    <td>extremely-appropriate\n                        <a name=\"extremely-appropriate\"> </a>\n                    </td>\n                    <td>Extremely Appropriate</td>\n                    <td>The procedure is extremely appropriate</td>\n                </tr>\n            </table>\n        </div>"
  },
  "url": "http://hl7.org/fhir/us/qicore/CodeSystem/qicore-appropriateness-score",
  "version": "3.1.0",
  "name": "QICoreAppropriatenessScore",
  "status": "draft",
  "experimental": false,
  "date": "2016-03-31T08:01:25+11:00",
  "publisher": "HL7 (FHIR Project)",
  "contact": [
    {
      "telecom": [
        {
          "system": "other",
          "value": "http://hl7.org/fhir"
        },
        {
          "system": "email",
          "value": "fhir@lists.hl7.org"
        }
      ]
    }
  ],
  "description": "The RAND scoring for appropriateness of the procedure.",
  "caseSensitive": true,
  "valueSet": "http://hl7.org/fhir/us/qicore/ValueSet/qicore-appropriateness-score",
  "content": "complete",
  "concept": [
    {
      "code": "extremely-inappropriate",
      "display": "Extremely Inappropriate",
      "definition": "The procedure is extremely inappropriate"
    },
    {
      "code": "inappropriate",
      "display": "Inappropriate",
      "definition": "The procedure is inappropriate"
    },
    {
      "code": "probably-inappropriate",
      "display": "Probably Inappropriate",
      "definition": "The procedure is probably inappropriate"
    },
    {
      "code": "uncertain-inappropriate",
      "display": "Uncertain Inappropriate",
      "definition": "The appropriateness of the procedure is uncertain, leaning towards inappropriate"
    },
    {
      "code": "uncertain",
      "display": "Uncertain",
      "definition": "The appropriateness of the procedure is uncertain"
    },
    {
      "code": "uncertain-appropriate",
      "display": "Uncertain Appropriate",
      "definition": "The appropriateness of the procedure is uncertain, leaning towards appropriate"
    },
    {
      "code": "probably-appropriate",
      "display": "Probably Appropriate",
      "definition": "The procedure is probably appropriate"
    },
    {
      "code": "appropriate",
      "display": "Appropriate",
      "definition": "The procedure is appropriate"
    },
    {
      "code": "extremely-appropriate",
      "display": "Extremely Appropriate",
      "definition": "The procedure is extremely appropriate"
    }
  ]
}