{
  "resourceType": "Coverage",
  "id": "qicore-coverage-example",
  "text": {
    "status": "generated",
    "div": "<div xmlns=\"http://www.w3.org/1999/xhtml\">\n      <p>A human-readable rendering of the coverage</p>\n      <p>\n        <strong>identifier</strong>: 12345\n      </p>\n      <p>\n        <strong>status</strong>: active\n      </p>\n      <p>\n        <strong>code</strong>: ActCode\n        <span>(Details: { FHIR code 'EHCPOL' = 'extended healthcare' })</span>\n      </p>\n      <p>\n        <strong>policyHolder</strong>: \n        <a href=\"Organization-qicore-organization-example.html\">Organization/example</a>\n      </p>\n      <p>\n        <strong>subscriber</strong>: \n        <a href=\"Patient-qicore-patient-example.html\">Patient/example</a>\n      </p>\n      <p>\n        <strong>beneficiary</strong>: \n        <a href=\"Patient-qicore-patient-example.html\">Patient/example</a>\n      </p>\n      <p>\n        <strong>relationship</strong>: self\n      </p>\n      <blockquote>\n        <p><strong>period</strong></p>\n        <p>\n          <strong>start</strong>: 05/23/2011\n        </p>\n        <p>\n          <strong>start</strong>: 05/23/2012\n        </p>\n      </blockquote>\n      <p>\n        <strong>organization</strong>: \n        <a href=\"Organization-qicore-organization-example.html\">Organization/example</a>\n      </p>\n      <blockquote>\n        <p><strong>grouping</strong></p>\n        <p>\n          <strong>group</strong>: Corporate Baker's Inc. Local #35\n        </p>\n        <p>\n          <strong>subGroup</strong>: Trainee Part-time Benefits\n        </p>\n        <p>\n          <strong>plan</strong>: Full Coverage: Medical, Dental, Pharmacy, Vision, EHC\n        </p>\n        <p>\n          <strong>subPlan</strong>: Includes afterlife benefits\n        </p>\n        <p>\n          <strong>class</strong>: Silver: Family Plan spouse only\n        </p>\n        <p>\n          <strong>subClass</strong>: Low deductable, max $20 copay\n        </p>\n      </blockquote>\n      <p>\n        <strong>dependent</strong>: 0\n      </p>\n      <p>\n        <strong>sequence</strong>: 9\n      </p>\n    </div>"
  },
  "identifier": [
    {
      "system": "http://benefitsinc.com/certificate",
      "value": "12345"
    }
  ],
  "status": "active",
  "type": {
    "coding": [
      {
        "system": "http://hl7.org/fhir/v3/ActCode",
        "code": "EHCPOL",
        "display": "extended healthcare"
      }
    ]
  },
  "policyHolder": {
    "reference": "Patient/example"
  },
  "subscriber": {
    "reference": "Patient/example"
  },
  "beneficiary": {
    "reference": "Patient/example"
  },
  "relationship": {
    "coding": [
      {
        "code": "self"
      }
    ]
  },
  "period": {
    "start": "2011-05-23",
    "end": "2012-05-23"
  },
  "payor": [
    {
      "reference": "Organization/example"
    }
  ],
  "grouping": {
    "group": "CBI35",
    "groupDisplay": "Corporate Baker's Inc. Local #35",
    "subGroup": "123",
    "subGroupDisplay": "Trainee Part-time Benefits",
    "plan": "B37FC",
    "planDisplay": "Full Coverage: Medical, Dental, Pharmacy, Vision, EHC",
    "subPlan": "P7",
    "subPlanDisplay": "Includes afterlife benefits",
    "class": "SILVER",
    "classDisplay": "Silver: Family Plan spouse only",
    "subClass": "Tier2",
    "subClassDisplay": "Low deductable, max $20 copay"
  },
  "dependent": "0",
  "sequence": "9"
}