{
  "resourceType": "ImplementationGuide",
  "id": "qicore",
  "text": {
    "status": "generated",
    "div": "<div xmlns=\"http://www.w3.org/1999/xhtml\"><h2>QICore Implementation Guide</h2><p>The official URL for this implementation guide is: </p><pre>http://hl7.org/fhir/us/qicore/ImplementationGuide/qicore</pre></div>"
  },
  "url": "http://hl7.org/fhir/us/qicore/ImplementationGuide/qicore",
  "name": "QICore Implementation Guide",
  "status": "draft",
  "experimental": true,
  "publisher": "ONC",
  "dependency": [
    {
      "type": "reference",
      "uri": "http://hl7.org/fhir/us/core"
    }
  ],
  "package": [
    {
      "name": "base",
      "resource": [
        {
          "example": true,
          "name": "QICore AdverseEvent",
          "description": "Example of QICore AdverseEvent",
          "sourceReference": {
            "reference": "AdverseEvent/adverseevent-example-qicore"
          },
          "exampleFor": {
            "reference": "StructureDefinition/qicore-adverseevent"
          }
        },
        {
          "example": true,
          "name": "QICore AllergyIntolerance Example",
          "description": "Example of QICore AllergyIntolerance",
          "sourceReference": {
            "reference": "AllergyIntolerance/allergyintolerance-example-qicore"
          },
          "exampleFor": {
            "reference": "StructureDefinition/qicore-allergyintolerance"
          }
        },
        {
          "example": true,
          "name": "QICore AllergyIntolerance Refuted Example",
          "description": "Example of QICore AllergyIntolerance Refuted",
          "sourceReference": {
            "reference": "AllergyIntolerance/allergyintolerance-example-refuted-qicore"
          },
          "exampleFor": {
            "reference": "StructureDefinition/qicore-allergyintolerance"
          }
        },
        {
          "extension": [
            {
              "url": "http://hl7.org/fhir/StructureDefinition/implementationguide-page",
              "valueUri": "qicore-allergyintolerance.html"
            }
          ],
          "example": false,
          "name": "QICore AllergyIntolerance",
          "description": "Derived QICore AllergyIntolerance",
          "sourceReference": {
            "reference": "StructureDefinition/qicore-allergyintolerance"
          }
        },
        {
          "example": true,
          "name": "QICore BodySite Example",
          "description": "Example of QICore BodySite",
          "sourceReference": {
            "reference": "BodySite/bodysite-example-qicore"
          },
          "exampleFor": {
            "reference": "StructureDefinition/qicore-bodysite"
          }
        },
        {
          "example": true,
          "name": "QICore Claim Example",
          "description": "Example of QICore Claim",
          "sourceReference": {
            "reference": "Claim/claim-example-qicore"
          },
          "exampleFor": {
            "reference": "StructureDefinition/qicore-claim"
          }
        },
        {
          "example": true,
          "name": "QICore Communication",
          "description": "Example of QICore Communication",
          "sourceReference": {
            "reference": "Communication/communication-example-qicore"
          },
          "exampleFor": {
            "reference": "StructureDefinition/qicore-communication"
          }
        },
        {
          "example": true,
          "name": "QICore CommunicationRequest",
          "description": "Example of QICore CommunicationRequest",
          "sourceReference": {
            "reference": "CommunicationRequest/communicationrequest-example-qicore"
          },
          "exampleFor": {
            "reference": "StructureDefinition/qicore-communicationrequest"
          }
        },
        {
          "example": true,
          "name": "QICore Condition Example",
          "description": "Example of QICore Condition",
          "sourceReference": {
            "reference": "Condition/condition-example-qicore"
          },
          "exampleFor": {
            "reference": "StructureDefinition/qicore-condition"
          }
        },
        {
          "extension": [
            {
              "url": "http://hl7.org/fhir/StructureDefinition/implementationguide-page",
              "valueUri": "qicore-condition.html"
            }
          ],
          "example": false,
          "name": "QICore Condition",
          "description": "Derived QICore Condition",
          "sourceReference": {
            "reference": "StructureDefinition/qicore-condition"
          }
        },
        {
          "example": true,
          "name": "QICore Coverage Example",
          "description": "Example of QICore Coverage",
          "sourceReference": {
            "reference": "Coverage/coverage-example-qicore"
          },
          "exampleFor": {
            "reference": "StructureDefinition/qicore-coverage"
          }
        },
        {
          "extension": [
            {
              "url": "http://hl7.org/fhir/StructureDefinition/implementationguide-page",
              "valueUri": "qicore-device.html"
            }
          ],
          "example": false,
          "name": "QICore Device",
          "description": "Derived QICore Device",
          "sourceReference": {
            "reference": "StructureDefinition/qicore-device"
          }
        },
        {
          "example": true,
          "name": "QICore Device Example",
          "description": "Example of QICore Device",
          "sourceReference": {
            "reference": "Device/device-example-qicore"
          },
          "exampleFor": {
            "reference": "StructureDefinition/qicore-device"
          }
        },
        {
          "example": true,
          "name": "QICore DeviceUseStatment Example",
          "description": "Example of QICore DeviceUseStatement",
          "sourceReference": {
            "reference": "DeviceUseStatement/deviceusestatement-example-qicore"
          },
          "exampleFor": {
            "reference": "StructureDefinition/qicore-deviceusestatement"
          }
        },
        {
          "extension": [
            {
              "url": "http://hl7.org/fhir/StructureDefinition/implementationguide-page",
              "valueUri": "qicore-diagnosticreport.html"
            }
          ],
          "example": false,
          "name": "QICore DiagnosticReport",
          "description": "Derived QICore DiagnosticReport",
          "sourceReference": {
            "reference": "StructureDefinition/qicore-diagnosticreport"
          }
        },
        {
          "example": true,
          "name": "QICore DiagnosticReport Example",
          "description": "Example of QICore DiagnosticReport",
          "sourceReference": {
            "reference": "DiagnosticReport/diagnosticreport-example-qicore"
          },
          "exampleFor": {
            "reference": "StructureDefinition/qicore-diagnosticreport"
          }
        },
        {
          "example": true,
          "name": "QICore Encounter",
          "description": "Example of QICore Encounter",
          "sourceReference": {
            "reference": "Encounter/encounter-example-qicore"
          },
          "exampleFor": {
            "reference": "StructureDefinition/qicore-encounter"
          }
        },
        {
          "example": true,
          "name": "QICore FamilyMemberHistory",
          "description": "Example of QICore FamilyMemberHistory with condition did-not-have",
          "sourceReference": {
            "reference": "FamilyMemberHistory/familymemberhistory-example-qicore"
          },
          "exampleFor": {
            "reference": "StructureDefinition/qicore-familymemberhistory"
          }
        },
        {
          "example": true,
          "name": "QICore Flag",
          "description": "Example of QICore Flag",
          "sourceReference": {
            "reference": "Flag/flag-example-qicore"
          },
          "exampleFor": {
            "reference": "StructureDefinition/qicore-flag"
          }
        },
        {
          "extension": [
            {
              "url": "http://hl7.org/fhir/StructureDefinition/implementationguide-page",
              "valueUri": "qicore-goal.html"
            }
          ],
          "example": false,
          "name": "QICore Goal",
          "description": "Derived QICore Goal",
          "sourceReference": {
            "reference": "StructureDefinition/qicore-goal"
          }
        },
        {
          "example": true,
          "name": "QICore Goal Example",
          "description": "Example of QICoreGoal",
          "sourceReference": {
            "reference": "Goal/goal-example-qicore"
          },
          "exampleFor": {
            "reference": "StructureDefinition/qicore-goal"
          }
        },
        {
          "example": true,
          "name": "QICore ImagingStudy",
          "description": "Example of QICore ImagingStudy",
          "sourceReference": {
            "reference": "ImagingStudy/imagingstudy-example-qicore"
          },
          "exampleFor": {
            "reference": "StructureDefinition/qicore-imagingstudy"
          }
        },
        {
          "example": false,
          "name": "QICore RadiationDose",
          "description": "QICore RadiationDose",
          "sourceReference": {
            "reference": "StructureDefinition/qicore-imagingstudy-radiationdose"
          }
        },
        {
          "example": false,
          "name": "QICore RadiationDuration",
          "description": "QICore RadiationDuration",
          "sourceReference": {
            "reference": "StructureDefinition/qicore-imagingstudy-radiationduration"
          }
        },
        {
          "extension": [
            {
              "url": "http://hl7.org/fhir/StructureDefinition/implementationguide-page",
              "valueUri": "qicore-immunization.html"
            }
          ],
          "example": false,
          "name": "QICore Immunization",
          "description": "Derived QICore Immunization",
          "sourceReference": {
            "reference": "StructureDefinition/qicore-immunization"
          }
        },
        {
          "example": true,
          "name": "QICore Immunization Example",
          "description": "Example of QICore Immunization",
          "sourceReference": {
            "reference": "Immunization/immunization-example-qicore"
          },
          "exampleFor": {
            "reference": "StructureDefinition/qicore-immunization"
          }
        },
        {
          "example": true,
          "name": "QICore Immunization Example",
          "description": "Example of QICore Immunization",
          "sourceReference": {
            "reference": "ImmunizationRecommendation/immunizationrecommendation-example-qicore"
          },
          "exampleFor": {
            "reference": "StructureDefinition/qicore-immunizationrec"
          }
        },
        {
          "extension": [
            {
              "url": "http://hl7.org/fhir/StructureDefinition/implementationguide-page",
              "valueUri": "qicore-location.html"
            }
          ],
          "example": false,
          "name": "QICore Location",
          "description": "Derived QICore Location",
          "sourceReference": {
            "reference": "StructureDefinition/qicore-location"
          }
        },
        {
          "example": true,
          "name": "QICore Location Example",
          "description": "Example of QICore Location",
          "sourceReference": {
            "reference": "Location/location-example-qicore"
          },
          "exampleFor": {
            "reference": "StructureDefinition/qicore-location"
          }
        },
        {
          "extension": [
            {
              "url": "http://hl7.org/fhir/StructureDefinition/implementationguide-page",
              "valueUri": "qicore-medication.html"
            }
          ],
          "example": false,
          "name": "QICore Medication",
          "description": "Derived QICore Medication",
          "sourceReference": {
            "reference": "StructureDefinition/qicore-medication"
          }
        },
        {
          "example": true,
          "name": "QICore Medication Example",
          "description": "Example of QICore Medication",
          "sourceReference": {
            "reference": "Medication/medication-example-qicore"
          },
          "exampleFor": {
            "reference": "StructureDefinition/qicore-medication"
          }
        },
        {
          "example": true,
          "name": "QICore MedicationAdministration Example",
          "description": "Example of QICore MedicationAdministration",
          "sourceReference": {
            "reference": "MedicationAdministration/medicationadministration-example-qicore"
          },
          "exampleFor": {
            "reference": "StructureDefinition/qicore-medicationadministration"
          }
        },
        {
          "example": true,
          "name": "QICore MedicationDispense",
          "description": "Example of QICore MedicationDispense",
          "sourceReference": {
            "reference": "MedicationDispense/medicationdispense-example-qicore"
          },
          "exampleFor": {
            "reference": "StructureDefinition/qicore-medicationdispense"
          }
        },
        {
          "extension": [
            {
              "url": "http://hl7.org/fhir/StructureDefinition/implementationguide-page",
              "valueUri": "qicore-medicationrequest.html"
            }
          ],
          "example": false,
          "name": "QICore MedicationRequest",
          "description": "Derived QICore MedicationRequest",
          "sourceReference": {
            "reference": "StructureDefinition/qicore-medicationrequest"
          }
        },
        {
          "example": true,
          "name": "QICore MedicationRequest Example",
          "description": "Example of QICore MedicationRequest",
          "sourceReference": {
            "reference": "MedicationRequest/medicationrequest-example-qicore"
          },
          "exampleFor": {
            "reference": "StructureDefinition/qicore-medicationrequest"
          }
        },
        {
          "extension": [
            {
              "url": "http://hl7.org/fhir/StructureDefinition/implementationguide-page",
              "valueUri": "qicore-medicationstatement.html"
            }
          ],
          "example": false,
          "name": "QICore MedicationStatement",
          "description": "Derived QICore MedicationStatement",
          "sourceReference": {
            "reference": "StructureDefinition/qicore-medicationstatement"
          }
        },
        {
          "example": true,
          "name": "QICore MedicationStatement Example",
          "description": "Example of QICore MedicationStatement",
          "sourceReference": {
            "reference": "MedicationStatement/medicationstatement-example-qicore"
          },
          "exampleFor": {
            "reference": "StructureDefinition/qicore-medicationstatement"
          }
        },
        {
          "example": true,
          "name": "QICore Observation",
          "description": "Example of QICore Observation",
          "sourceReference": {
            "reference": "Observation/observation-example-qicore"
          },
          "exampleFor": {
            "reference": "StructureDefinition/qicore-observation"
          }
        },
        {
          "extension": [
            {
              "url": "http://hl7.org/fhir/StructureDefinition/implementationguide-page",
              "valueUri": "qicore-organization.html"
            }
          ],
          "example": false,
          "name": "QICore Organization",
          "description": "Derived QICore Organization",
          "sourceReference": {
            "reference": "StructureDefinition/qicore-organization"
          }
        },
        {
          "example": true,
          "name": "QICore Organization Example",
          "description": "Example of QICore Organization",
          "sourceReference": {
            "reference": "Organization/organization-example-qicore"
          },
          "exampleFor": {
            "reference": "StructureDefinition/qicore-organization"
          }
        },
        {
          "extension": [
            {
              "url": "http://hl7.org/fhir/StructureDefinition/implementationguide-page",
              "valueUri": "qicore-patient.html"
            }
          ],
          "example": false,
          "name": "QICore Patient",
          "description": "Derived QICore Patient",
          "sourceReference": {
            "reference": "StructureDefinition/qicore-patient"
          }
        },
        {
          "example": true,
          "name": "QICore Patient Example",
          "description": "Example of QICore Patient",
          "sourceReference": {
            "reference": "Patient/patient-example-qicore"
          },
          "exampleFor": {
            "reference": "StructureDefinition/qicore-patient"
          }
        },
        {
          "extension": [
            {
              "url": "http://hl7.org/fhir/StructureDefinition/implementationguide-page",
              "valueUri": "qicore-practitioner.html"
            }
          ],
          "example": false,
          "name": "QICore Practitioner",
          "description": "Derived QICore Practitioner",
          "sourceReference": {
            "reference": "StructureDefinition/qicore-practitioner"
          }
        },
        {
          "extension": [
            {
              "url": "http://hl7.org/fhir/StructureDefinition/implementationguide-page",
              "valueUri": "qicore-military-service.html"
            }
          ],
          "example": false,
          "sourceReference": {
            "reference": "StructureDefinition/qicore-military-service"
          }
        },
        {
          "extension": [
            {
              "url": "http://hl7.org/fhir/StructureDefinition/implementationguide-page",
              "valueUri": "codesystem-qicore-military-service.html"
            }
          ],
          "example": false,
          "sourceReference": {
            "reference": "CodeSystem/qicore-military-service"
          }
        },
        {
          "example": true,
          "name": "QICore Practitioner Example",
          "description": "Example of QICore Practitioner",
          "sourceReference": {
            "reference": "Practitioner/practitioner-example-qicore"
          },
          "exampleFor": {
            "reference": "StructureDefinition/qicore-practitioner"
          }
        },
        {
          "extension": [
            {
              "url": "http://hl7.org/fhir/StructureDefinition/implementationguide-page",
              "valueUri": "qicore-practitioner-role.html"
            }
          ],
          "example": false,
          "sourceReference": {
            "reference": "StructureDefinition/qicore-practitioner-role"
          }
        },
        {
          "extension": [
            {
              "url": "http://hl7.org/fhir/StructureDefinition/implementationguide-page",
              "valueUri": "qicore-procedure.html"
            }
          ],
          "example": false,
          "name": "QICore Procedure",
          "description": "Derived QICore Procedure",
          "sourceReference": {
            "reference": "StructureDefinition/qicore-procedure"
          }
        },
        {
          "example": true,
          "name": "QICore Procedure Example",
          "description": "Example of QICore Procedure",
          "sourceReference": {
            "reference": "Procedure/procedure-example-qicore"
          },
          "exampleFor": {
            "reference": "StructureDefinition/qicore-procedure"
          }
        },
        {
          "extension": [
            {
              "url": "http://hl7.org/fhir/StructureDefinition/implementationguide-page",
              "valueUri": "qicore-procedure-approachBodySite.html"
            }
          ],
          "example": false,
          "sourceReference": {
            "reference": "StructureDefinition/qicore-procedure-approachBodySite"
          }
        },
        {
          "extension": [
            {
              "url": "http://hl7.org/fhir/StructureDefinition/implementationguide-page",
              "valueUri": "qicore-procedurerequest-approachBodySite.html"
            }
          ],
          "example": false,
          "sourceReference": {
            "reference": "StructureDefinition/qicore-procedurerequest-approachBodySite"
          }
        },
        {
          "extension": [
            {
              "url": "http://hl7.org/fhir/StructureDefinition/implementationguide-page",
              "valueUri": "qicore-procedurerequest-appropriatenessScore.html"
            }
          ],
          "example": false,
          "sourceReference": {
            "reference": "StructureDefinition/qicore-procedurerequest-appropriatenessScore"
          }
        },
        {
          "extension": [
            {
              "url": "http://hl7.org/fhir/StructureDefinition/implementationguide-page",
              "valueUri": "qicore-appropriateness-score.html"
            }
          ],
          "example": false,
          "sourceReference": {
            "reference": "CodeSystem/qicore-appropriateness-score"
          }
        },
        {
          "example": true,
          "name": "QICore ProcedureRequest",
          "description": "Example of QICore ProcedureRequest",
          "sourceReference": {
            "reference": "ProcedureRequest/procedurerequest-example-qicore"
          },
          "exampleFor": {
            "reference": "StructureDefinition/qicore-procedurerequest"
          }
        },
        {
          "example": true,
          "name": "QICore ReferralRequest",
          "description": "Example of QICore ReferralRequest",
          "sourceReference": {
            "reference": "ReferralRequest/referralrequest-example-qicore"
          },
          "exampleFor": {
            "reference": "StructureDefinition/qicore-referralrequest"
          }
        },
        {
          "example": true,
          "name": "QICore RelatedPerson",
          "description": "Example of QICore RelatedPerson",
          "sourceReference": {
            "reference": "RelatedPerson/relatedperson-example-qicore"
          },
          "exampleFor": {
            "reference": "StructureDefinition/qicore-relatedperson"
          }
        },
        {
          "example": true,
          "name": "QICore Specimen",
          "description": "Example of QICore Specimen",
          "sourceReference": {
            "reference": "Specimen/specimen-example-qicore"
          },
          "exampleFor": {
            "reference": "StructureDefinition/qicore-specimen"
          }
        },
        {
          "example": true,
          "name": "QICore Substance",
          "description": "Example of QICore Substance",
          "sourceReference": {
            "reference": "Substance/substance-example-qicore"
          },
          "exampleFor": {
            "reference": "StructureDefinition/qicore-substance"
          }
        },
        {
          "extension": [
            {
              "url": "http://hl7.org/fhir/StructureDefinition/implementationguide-page",
              "valueUri": "valueset-qicore-allergyintolerance-reason-refuted.html"
            }
          ],
          "example": false,
          "sourceReference": {
            "reference": "ValueSet/qicore-allergyintolerance-reason-refuted"
          }
        },
        {
          "extension": [
            {
              "url": "http://hl7.org/fhir/StructureDefinition/implementationguide-page",
              "valueUri": "valueset-qicore-military-service.html"
            }
          ],
          "example": false,
          "sourceReference": {
            "reference": "ValueSet/qicore-military-service"
          }
        },
        {
          "extension": [
            {
              "url": "http://hl7.org/fhir/StructureDefinition/implementationguide-page",
              "valueUri": "valueset-qicore-patient-disability.html"
            }
          ],
          "example": false,
          "sourceReference": {
            "reference": "ValueSet/qicore-patient-disability"
          }
        },
        {
          "extension": [
            {
              "url": "http://hl7.org/fhir/StructureDefinition/implementationguide-page",
              "valueUri": "valueset-qicore-condition-certainty.html"
            }
          ],
          "example": false,
          "sourceReference": {
            "reference": "ValueSet/qicore-condition-certainty"
          }
        },
        {
          "extension": [
            {
              "url": "http://hl7.org/fhir/StructureDefinition/implementationguide-page",
              "valueUri": "valueset-qicore-condition-criticality.html"
            }
          ],
          "example": false,
          "sourceReference": {
            "reference": "ValueSet/qicore-condition-criticality"
          }
        },
        {
          "extension": [
            {
              "url": "http://hl7.org/fhir/StructureDefinition/implementationguide-page",
              "valueUri": "valueset-qicore-condition-stage.html"
            }
          ],
          "example": false,
          "sourceReference": {
            "reference": "ValueSet/qicore-condition-stage"
          }
        },
        {
          "extension": [
            {
              "url": "http://hl7.org/fhir/StructureDefinition/implementationguide-page",
              "valueUri": "valueset-qicore-flag-category.html"
            }
          ],
          "example": false,
          "sourceReference": {
            "reference": "ValueSet/qicore-flag-category"
          }
        },
        {
          "extension": [
            {
              "url": "http://hl7.org/fhir/StructureDefinition/implementationguide-page",
              "valueUri": "valueset-qicore-goal-reason-rejected.html"
            }
          ],
          "example": false,
          "sourceReference": {
            "reference": "ValueSet/qicore-goal-reason-rejected"
          }
        }
      ]
    },
    {
      "name": "QICore-AdverseEvent",
      "resource": [
        {
          "extension": [
            {
              "url": "http://hl7.org/fhir/StructureDefinition/implementationguide-page",
              "valueUri": "qicore-adverseevent.html"
            }
          ],
          "example": false,
          "name": "QICore-AdverseEvent",
          "sourceReference": {
            "reference": "StructureDefinition/qicore-adverseevent"
          }
        }
      ]
    },
    {
      "name": "QICore-BodySite",
      "resource": [
        {
          "extension": [
            {
              "url": "http://hl7.org/fhir/StructureDefinition/implementationguide-page",
              "valueUri": "qicore-bodysite.html"
            }
          ],
          "example": false,
          "name": "QICore-BodySite",
          "sourceReference": {
            "reference": "StructureDefinition/qicore-bodysite"
          }
        }
      ]
    },
    {
      "name": "QICore-Claim",
      "resource": [
        {
          "extension": [
            {
              "url": "http://hl7.org/fhir/StructureDefinition/implementationguide-page",
              "valueUri": "qicore-claim.html"
            }
          ],
          "example": false,
          "name": "QICore-Claim",
          "sourceReference": {
            "reference": "StructureDefinition/qicore-claim"
          }
        }
      ]
    },
    {
      "name": "QICore-Communication",
      "resource": [
        {
          "extension": [
            {
              "url": "http://hl7.org/fhir/StructureDefinition/implementationguide-page",
              "valueUri": "qicore-communication.html"
            }
          ],
          "example": false,
          "name": "QICore-Communication",
          "sourceReference": {
            "reference": "StructureDefinition/qicore-communication"
          }
        }
      ]
    },
    {
      "name": "QICore-CommunicationRequest",
      "resource": [
        {
          "extension": [
            {
              "url": "http://hl7.org/fhir/StructureDefinition/implementationguide-page",
              "valueUri": "qicore-communicationrequest.html"
            }
          ],
          "example": false,
          "name": "QICore-CommunicationRequest",
          "sourceReference": {
            "reference": "StructureDefinition/qicore-communicationrequest"
          }
        }
      ]
    },
    {
      "name": "QICore-Coverage",
      "resource": [
        {
          "extension": [
            {
              "url": "http://hl7.org/fhir/StructureDefinition/implementationguide-page",
              "valueUri": "qicore-coverage.html"
            }
          ],
          "example": false,
          "name": "QICore-Coverage",
          "sourceReference": {
            "reference": "StructureDefinition/qicore-coverage"
          }
        }
      ]
    },
    {
      "name": "QICore-DeviceUseStatement",
      "resource": [
        {
          "extension": [
            {
              "url": "http://hl7.org/fhir/StructureDefinition/implementationguide-page",
              "valueUri": "qicore-deviceusestatement.html"
            }
          ],
          "example": false,
          "name": "QICore-DeviceUseStatement",
          "sourceReference": {
            "reference": "StructureDefinition/qicore-deviceusestatement"
          }
        }
      ]
    },
    {
      "name": "QICore-Encounter",
      "resource": [
        {
          "extension": [
            {
              "url": "http://hl7.org/fhir/StructureDefinition/implementationguide-page",
              "valueUri": "qicore-encounter.html"
            }
          ],
          "example": false,
          "name": "QICore-Encounter",
          "sourceReference": {
            "reference": "StructureDefinition/qicore-encounter"
          }
        }
      ]
    },
    {
      "name": "QICore-FamilyMemberHistory",
      "resource": [
        {
          "extension": [
            {
              "url": "http://hl7.org/fhir/StructureDefinition/implementationguide-page",
              "valueUri": "qicore-familymemberhistory.html"
            }
          ],
          "example": false,
          "name": "QICore-FamilyMemberHistory",
          "sourceReference": {
            "reference": "StructureDefinition/qicore-familymemberhistory"
          }
        }
      ]
    },
    {
      "name": "QICore-Flag",
      "resource": [
        {
          "extension": [
            {
              "url": "http://hl7.org/fhir/StructureDefinition/implementationguide-page",
              "valueUri": "qicore-flag.html"
            }
          ],
          "example": false,
          "name": "QICore-Flag",
          "sourceReference": {
            "reference": "StructureDefinition/qicore-flag"
          }
        }
      ]
    },
    {
      "name": "QICore-ImagingStudy",
      "resource": [
        {
          "extension": [
            {
              "url": "http://hl7.org/fhir/StructureDefinition/implementationguide-page",
              "valueUri": "qicore-imagingstudy.html"
            }
          ],
          "example": false,
          "name": "QICore-ImagingStudy",
          "sourceReference": {
            "reference": "StructureDefinition/qicore-imagingstudy"
          }
        }
      ]
    },
    {
      "name": "QICore-ImmunizationRecommendation",
      "resource": [
        {
          "extension": [
            {
              "url": "http://hl7.org/fhir/StructureDefinition/implementationguide-page",
              "valueUri": "qicore-immunizationrec.html"
            }
          ],
          "example": false,
          "name": "QICore-ImmunizationRecommendation",
          "sourceReference": {
            "reference": "StructureDefinition/qicore-immunizationrec"
          }
        }
      ]
    },
    {
      "name": "QICore-MedicationAdministration",
      "resource": [
        {
          "extension": [
            {
              "url": "http://hl7.org/fhir/StructureDefinition/implementationguide-page",
              "valueUri": "qicore-medicationadministration.html"
            }
          ],
          "example": false,
          "name": "QICore-MedicationAdministration",
          "sourceReference": {
            "reference": "StructureDefinition/qicore-medicationadministration"
          }
        }
      ]
    },
    {
      "name": "QICore-MedicationDispense",
      "resource": [
        {
          "extension": [
            {
              "url": "http://hl7.org/fhir/StructureDefinition/implementationguide-page",
              "valueUri": "qicore-medicationdispense.html"
            }
          ],
          "example": false,
          "name": "QICore-MedicationDispense",
          "sourceReference": {
            "reference": "StructureDefinition/qicore-medicationdispense"
          }
        }
      ]
    },
    {
      "name": "QICore-Observation",
      "resource": [
        {
          "extension": [
            {
              "url": "http://hl7.org/fhir/StructureDefinition/implementationguide-page",
              "valueUri": "qicore-observation.html"
            }
          ],
          "example": false,
          "name": "QICore-Observation",
          "sourceReference": {
            "reference": "StructureDefinition/qicore-observation"
          }
        }
      ]
    },
    {
      "name": "QICore-ProcedureRequest",
      "resource": [
        {
          "extension": [
            {
              "url": "http://hl7.org/fhir/StructureDefinition/implementationguide-page",
              "valueUri": "qicore-procedurerequest.html"
            }
          ],
          "example": false,
          "name": "QICore-ProcedureRequest",
          "sourceReference": {
            "reference": "StructureDefinition/qicore-procedurerequest"
          }
        }
      ]
    },
    {
      "name": "QICore-ReferralRequest",
      "resource": [
        {
          "extension": [
            {
              "url": "http://hl7.org/fhir/StructureDefinition/implementationguide-page",
              "valueUri": "qicore-referralrequest.html"
            }
          ],
          "example": false,
          "name": "QICore-ReferralRequest",
          "sourceReference": {
            "reference": "StructureDefinition/qicore-referralrequest"
          }
        }
      ]
    },
    {
      "name": "QICore-RelatedPerson",
      "resource": [
        {
          "extension": [
            {
              "url": "http://hl7.org/fhir/StructureDefinition/implementationguide-page",
              "valueUri": "qicore-relatedperson.html"
            }
          ],
          "example": false,
          "name": "QICore-RelatedPerson",
          "sourceReference": {
            "reference": "StructureDefinition/qicore-relatedperson"
          }
        }
      ]
    },
    {
      "name": "QICore-Specimen",
      "resource": [
        {
          "extension": [
            {
              "url": "http://hl7.org/fhir/StructureDefinition/implementationguide-page",
              "valueUri": "qicore-specimen.html"
            }
          ],
          "example": false,
          "name": "QICore-Specimen",
          "sourceReference": {
            "reference": "StructureDefinition/qicore-specimen"
          }
        }
      ]
    },
    {
      "name": "QICore-Substance",
      "resource": [
        {
          "extension": [
            {
              "url": "http://hl7.org/fhir/StructureDefinition/implementationguide-page",
              "valueUri": "qicore-substance.html"
            }
          ],
          "example": false,
          "name": "QICore-Substance",
          "sourceReference": {
            "reference": "StructureDefinition/qicore-substance"
          }
        }
      ]
    }
  ],
  "page": {
    "source": "index.html",
    "title": "Home Page",
    "kind": "page",
    "page": [
      {
        "source": "registry.html",
        "title": "Registry",
        "kind": "list",
        "type": [
          "CapabilityStatement",
          "StructureDefinition",
          "ValueSet",
          "ConceptMap"
        ]
      }
    ]
  }
}