{
  "resourceType": "Location",
  "id": "qicore-location-example",
  "text": {
    "status": "generated",
    "div": "<div xmlns=\"http://www.w3.org/1999/xhtml\">Mean Joe Greene UMC, South Wing, second floor</div>"
  },
  "extension": [
    {
      "url": "http://hl7.org/fhir/StructureDefinition/location-alias",
      "valueString": "Mean Joe Greene University Medical Center, South Wing, second floor"
    },
    {
      "url": "http://hl7.org/fhir/StructureDefinition/location-alias",
      "valueString": "BU MC, SW, F2"
    }
  ],
  "identifier": [
    {
      "value": "B1-S.F2"
    }
  ],
  "status": "active",
  "name": "South Wing, second floor",
  "description": "Second floor of the Old South Wing, formerly in use by Psychiatry",
  "mode": "instance",
  "type": {
    "coding": [
      {
        "system": "http://hl7.org/fhir/v3/RoleCode",
        "code": "HOSP",
        "display": "Hospital"
      }
    ]
  },
  "telecom": [
    {
      "system": "phone",
      "value": "2328",
      "use": "work"
    },
    {
      "system": "fax",
      "value": "2329",
      "use": "work"
    },
    {
      "system": "email",
      "value": "second wing admissions"
    },
    {
      "system": "url",
      "value": "http://sampleorg.com/southwing",
      "use": "work"
    }
  ],
  "address": {
    "use": "work",
    "line": [
      "Iron Curtain 75, Building A"
    ],
    "city": "Pittsburgh",
    "state": "PA",
    "postalCode": "15016",
    "country": "US"
  },
  "physicalType": {
    "coding": [
      {
        "system": "http://hl7.org/fhir/location-physical-type",
        "code": "wi",
        "display": "Wing"
      }
    ]
  },
  "position": {
    "longitude": -83.6945691,
    "latitude": 42.25475478,
    "altitude": 0
  },
  "managingOrganization": {
    "reference": "Organization/example"
  },
  "endpoint": [
    {
      "reference": "Endpoint/end1001"
    }
  ]
}