{
  "resourceType": "MedicationDispense",
  "id": "qicore-medicationdispense-example",
  "text": {
    "status": "generated",
    "div": "<div xmlns=\"http://www.w3.org/1999/xhtml\">\n      <p>Penicillin VK 5ml suspension to be administered by oral route</p>\n      <p>ONE 5ml spoonful to be taken THREE times a day</p>\n      <p>100ml bottle</p>\n      <p>to patient ref: a23</p>\n      <p>by doctor X</p>\n    </div>"
  },
  "extension": [
    {
      "url": "http://hl7.org/fhir/StructureDefinition/pharmacy-core-refillsRemaining",
      "valueInteger": 0
    },
    {
      "url": "http://hl7.org/fhir/StructureDefinition/medicationdispense-validityPeriod",
      "valuePeriod": {
        "start": "2012-05-30",
        "end": "2012-06-10"
      }
    }
  ],
  "status": "completed",
  "medicationReference": {
    "reference": "Medication/example"
  },
  "subject": {
    "reference": "Patient/example"
  },
  "performer": [
    {
      "actor": {
        "reference": "Practitioner/example"
      }
    }
  ],
  "authorizingPrescription": [
    {
      "reference": "MedicationRequest/example"
    }
  ],
  "quantity": {
    "value": 100,
    "unit": "ml",
    "system": "http://unitsofmeasure.org",
    "code": "ml"
  },
  "daysSupply": {
    "value": 30,
    "unit": "Day",
    "system": "http://unitsofmeasure.org",
    "code": "d"
  },
  "whenPrepared": "2012-05-30T16:20:00+00:00",
  "whenHandedOver": "2012-05-31T10:20:00+00:00",
  "destination": {
    "reference": "Location/example"
  },
  "receiver": [
    {
      "reference": "Patient/example"
    }
  ],
  "dosageInstruction": [
    {
      "extension": [
        {
          "url": "http://hl7.org/fhir/StructureDefinition/pharmacy-core-doseType",
          "valueCodeableConcept": {
            "coding": [
              {
                "system": "http://snomed.info/sct",
                "code": "440231000124106",
                "display": "Maintenance dose"
              }
            ]
          }
        },
        {
          "url": "http://hl7.org/fhir/StructureDefinition/pharmacy-core-infuseOver",
          "valueDuration": {
            "value": 1,
            "unit": "min",
            "system": "http://unitsofmeasure.org",
            "code": "min"
          }
        },
        {
          "url": "http://hl7.org/fhir/StructureDefinition/pharmacy-core-minDosePerPeriod",
          "valueRatio": {
            "numerator": {
              "value": 15,
              "unit": "ml",
              "system": "http://unitsofmeasure.org",
              "code": "ml"
            },
            "denominator": {
              "value": 1,
              "unit": "day",
              "system": "http://unitsofmeasure.org",
              "code": "day"
            }
          }
        },
        {
          "url": "http://hl7.org/fhir/StructureDefinition/pharmacy-core-maxDeliveryVolume",
          "valueQuantity": {
            "value": 15,
            "unit": "ml",
            "system": "http://unitsofmeasure.org",
            "code": "ml"
          }
        }
      ],
      "timing": {
        "repeat": {
          "frequency": 3,
          "period": 1,
          "periodUnit": "d"
        }
      },
      "route": {
        "coding": [
          {
            "system": "http://snomed.info/sct",
            "code": "394899003",
            "display": "oral administration of treatment"
          }
        ]
      },
      "doseQuantity": {
        "value": 5,
        "unit": "ml",
        "system": "http://unitsofmeasure.org",
        "code": "ml"
      }
    }
  ],
  "substitution": {
    "wasSubstituted": false,
    "type": {
      "coding": [
        {
          "system": "http://example.org/MedDispSubType",
          "code": "NoSub",
          "display": "No substitution made or expected"
        }
      ]
    }
  }
}