{
  "resourceType": "Patient",
  "id": "qicore-patient-example",
  "text": {
    "status": "generated",
    "div": "<div xmlns=\"http://www.w3.org/1999/xhtml\">\n      <table>\n        <tbody>\n          <tr>\n            <td> Name</td>\n            <td> Peter James\n              <strong> Chalmers</strong>  (&quot;Jim&quot;)\n            </td>\n          </tr>\n          <tr>\n            <td> Address</td>\n            <td> 534 Erewhon, Pleasantville, Vic, 3999</td>\n          </tr>\n          <tr>\n            <td> Contacts</td>\n            <td> Home: unknown. Work: (03) 5555 6473</td>\n          </tr>\n          <tr>\n            <td> Id</td>\n            <td> MRN: 12345 (Acme Healthcare)</td>\n          </tr>\n        </tbody>\n      </table>\n    </div>"
  },
  "extension": [
    {
      "url": "http://hl7.org/fhir/us/core/StructureDefinition/us-core-race",
      "extension": [
        {
          "url": "ombCategory",
          "valueCoding": {
            "system": "urn:oid:2.16.840.1.113883.6.238",
            "code": "2106-3",
            "display": "White"
          }
        },
        {
          "url": "ombCategory",
          "valueCoding": {
            "system": "urn:oid:2.16.840.1.113883.6.238",
            "code": "1002-5",
            "display": "American Indian or Alaska Native"
          }
        },
        {
          "url": "ombCategory",
          "valueCoding": {
            "system": "urn:oid:2.16.840.1.113883.6.238",
            "code": "2028-9",
            "display": "Asian"
          }
        },
        {
          "url": "detailed",
          "valueCoding": {
            "system": "urn:oid:2.16.840.1.113883.6.238",
            "code": "1586-7",
            "display": "Shoshone"
          }
        },
        {
          "url": "detailed",
          "valueCoding": {
            "system": "urn:oid:2.16.840.1.113883.6.238",
            "code": "2036-2",
            "display": "Filipino"
          }
        },
        {
          "url": "text",
          "valueString": "Mixed"
        }
      ]
    },
    {
      "url": "http://hl7.org/fhir/us/core/StructureDefinition/us-core-ethnicity",
      "extension": [
        {
          "url": "ombCategory",
          "valueCoding": {
            "system": "urn:oid:2.16.840.1.113883.6.238",
            "code": "2135-2",
            "display": "Hispanic or Latino"
          }
        },
        {
          "url": "detailed",
          "valueCoding": {
            "system": "urn:oid:2.16.840.1.113883.6.238",
            "code": "2184-0",
            "display": "Dominican"
          }
        },
        {
          "url": "detailed",
          "valueCoding": {
            "system": "urn:oid:2.16.840.1.113883.6.238",
            "code": "2148-5",
            "display": "Mexican"
          }
        },
        {
          "url": "text",
          "valueString": "Hispanic or Latino"
        }
      ]
    }
  ],
  "identifier": [
    {
      "use": "usual",
      "type": {
        "coding": [
          {
            "system": "http://hl7.org/fhir/v2/0203",
            "code": "MR"
          }
        ]
      },
      "system": "urn:oid:1.2.36.146.595.217.0.1",
      "value": "12345",
      "period": {
        "start": "2001-05-06"
      },
      "assigner": {
        "display": "Acme Healthcare"
      }
    }
  ],
  "active": true,
  "name": [
    {
      "use": "official",
      "family": "Chalmers",
      "given": [
        "Peter",
        "James"
      ]
    },
    {
      "use": "usual",
      "given": [
        "Jim"
      ]
    },
    {
      "use": "maiden",
      "family": "Windsor",
      "given": [
        "Peter",
        "James"
      ],
      "period": {
        "end": "2002"
      }
    }
  ],
  "telecom": [
    {
      "use": "home"
    },
    {
      "system": "phone",
      "value": "(03) 5555 6473",
      "use": "work",
      "rank": 1
    },
    {
      "system": "phone",
      "value": "(03) 3410 5613",
      "use": "mobile",
      "rank": 2
    },
    {
      "system": "phone",
      "value": "(03) 5555 8834",
      "use": "old",
      "period": {
        "end": "2014"
      }
    }
  ],
  "gender": "male",
  "birthDate": "1974-12-25",
  "_birthDate": {
    "extension": [
      {
        "url": "http://hl7.org/fhir/StructureDefinition/patient-birthTime",
        "valueDateTime": "1974-12-25T14:35:45-05:00"
      }
    ]
  },
  "deceasedBoolean": false,
  "address": [
    {
      "use": "home",
      "type": "both",
      "text": "534 Erewhon St PeasantVille, Rainbow, Vic  3999",
      "line": [
        "534 Erewhon St"
      ],
      "city": "PleasantVille",
      "district": "Rainbow",
      "state": "Vic",
      "postalCode": "3999",
      "period": {
        "start": "1974-12-25"
      }
    }
  ],
  "contact": [
    {
      "relationship": [
        {
          "coding": [
            {
              "system": "http://hl7.org/fhir/v2/0131",
              "code": "N"
            }
          ]
        }
      ],
      "name": {
        "family": "du Marché",
        "_family": {
          "extension": [
            {
              "url": "http://hl7.org/fhir/StructureDefinition/humanname-own-prefix",
              "valueString": "VV"
            }
          ]
        },
        "given": [
          "Bénédicte"
        ]
      },
      "telecom": [
        {
          "system": "phone",
          "value": "+33 (237) 998327"
        }
      ],
      "address": {
        "use": "home",
        "type": "both",
        "line": [
          "534 Erewhon St"
        ],
        "city": "PleasantVille",
        "district": "Rainbow",
        "state": "Vic",
        "postalCode": "3999",
        "period": {
          "start": "1974-12-25"
        }
      },
      "gender": "female",
      "period": {
        "start": "2012"
      }
    }
  ],
  "communication": [
    {
      "language": {
        "coding": [
          {
            "system": "urn:ietf:bcp:47",
            "code": "fr",
            "display": "French"
          }
        ]
      }
    }
  ],
  "managingOrganization": {
    "reference": "Organization/example"
  }
}