{
  "resourceType": "ValueSet",
  "id": "qicore-bodysite-precoordinated",
  "text": {
    "status": "generated",
    "div": "<div xmlns=\"http://www.w3.org/1999/xhtml\"><h2>Precoordinated Body Sites</h2><div><p>SELECT SNOMED CT code system values representing precoordinated body sites.</p>\n</div><p><b>Copyright Statement:</b> This value set includes content from SNOMED CT, which is copyright © 2002+ International Health Terminology Standards Development Organisation (IHTSDO), and distributed by agreement between IHTSDO and HL7. Implementer use of SNOMED CT is not covered by this agreement</p><p>This value set includes codes from the following code systems:</p><ul><li>Include codes from <a href=\"http://www.snomed.org/\"><code>http://snomed.info/sct</code></a> where concept  is-a  91723000 (Anatomical structure)</li></ul></div>"
  },
  "url": "http://hl7.org/fhir/us/qicore/ValueSet/qicore-bodysite-precoordinated",
  "version": "0.01",
  "name": "Precoordinated Body Sites",
  "status": "draft",
  "date": "2015-02-09",
  "publisher": "HL7 Clinical Quality Information (CQI) Work Group",
  "contact": [
    {
      "telecom": [
        {
          "system": "other",
          "value": "http://www.hl7.org/Special/committees/cqi"
        }
      ]
    }
  ],
  "description": "SELECT SNOMED CT code system values representing precoordinated body sites.",
  "immutable": true,
  "copyright": "This value set includes content from SNOMED CT, which is copyright © 2002+ International Health Terminology Standards Development Organisation (IHTSDO), and distributed by agreement between IHTSDO and HL7. Implementer use of SNOMED CT is not covered by this agreement",
  "extensible": true,
  "compose": {
    "include": [
      {
        "system": "http://snomed.info/sct",
        "filter": [
          {
            "property": "concept",
            "op": "is-a",
            "value": "91723000"
          }
        ]
      }
    ]
  }
}