{
  "resourceType": "ValueSet",
  "id": "qicore-referralrequest-reason-rejected",
  "text": {
    "status": "generated",
    "div": "<div xmlns=\"http://www.w3.org/1999/xhtml\"><h2>Reasons for rejecting a referral request</h2><div><p>The value set to instantiate this attribute should be drawn from a terminologically robust code system for reasons of rejecting or canceling a referral request. This value set is provided as a suggestive example.</p>\n</div><p><b>Copyright Statement:</b> This value set includes content from SNOMED CT, which is copyright © 2002+ International Health Terminology Standards Development Organisation (IHTSDO), and distributed by agreement between IHTSDO and HL7. Implementer use of SNOMED CT is not covered by this agreement.</p><p>This value set includes codes from the following code systems:</p><ul><li>Include codes from <a href=\"http://www.snomed.org/\"><code>http://snomed.info/sct</code></a> where concept  is-a  416406003 (Procedure discontinued) and <a href=\"http://www.snomed.org/\"><code>http://snomed.info/sct</code></a> where concept  is-a  428119001 (Procedure not indicated (situation)) and <a href=\"http://www.snomed.org/\"><code>http://snomed.info/sct</code></a> where concept  is-a  416064006 (Procedure not offered) and <a href=\"http://www.snomed.org/\"><code>http://snomed.info/sct</code></a> where concept  is-a  416432009 (Procedure not wanted) and <a href=\"http://www.snomed.org/\"><code>http://snomed.info/sct</code></a> where concept  is-a  410521004 (Not to be done (qualifier value))</li></ul></div>"
  },
  "url": "http://hl7.org/fhir/us/qicore/ValueSet/qicore-referralrequest-reason-rejected",
  "name": "Reasons for rejecting a referral request",
  "status": "draft",
  "experimental": true,
  "date": "2017-10-18T21:00:42+00:00",
  "publisher": "HL7 Clinical Quality Information (CQI) Work Group",
  "contact": [
    {
      "telecom": [
        {
          "system": "other",
          "value": "http://www.hl7.org/Special/committees/cqi"
        }
      ]
    }
  ],
  "description": "The value set to instantiate this attribute should be drawn from a terminologically robust code system for reasons of rejecting or canceling a referral request. This value set is provided as a suggestive example.",
  "copyright": "This value set includes content from SNOMED CT, which is copyright © 2002+ International Health Terminology Standards Development Organisation (IHTSDO), and distributed by agreement between IHTSDO and HL7. Implementer use of SNOMED CT is not covered by this agreement.",
  "compose": {
    "include": [
      {
        "system": "http://snomed.info/sct",
        "filter": [
          {
            "property": "concept",
            "op": "is-a",
            "value": "416406003"
          },
          {
            "property": "concept",
            "op": "is-a",
            "value": "428119001"
          },
          {
            "property": "concept",
            "op": "is-a",
            "value": "416064006"
          },
          {
            "property": "concept",
            "op": "is-a",
            "value": "416432009"
          },
          {
            "property": "concept",
            "op": "is-a",
            "value": "410521004"
          }
        ]
      }
    ]
  }
}