{
  "resourceType": "ValueSet",
  "id": "qicore-military-service",
  "meta": {
    "profile": [
      "http://hl7.org/fhir/StructureDefinition/valueset-shareable-definition"
    ]
  },
  "text": {
    "status": "generated",
    "div": "<div xmlns=\"http://www.w3.org/1999/xhtml\"><h2>Military Service Codes</h2><div><p>Value Set for Military Service (Example)</p>\n</div><p>This value set includes codes from the following code systems:</p><ul><li>Include all codes defined in <a href=\"codesystem-qicore-military-service.html\"><code>http://hl7.org/fhir/us/qicore/CodeSystem/qicore-military-service</code></a></li></ul></div>"
  },
  "url": "http://hl7.org/fhir/us/qicore/ValueSet/qicore-military-service",
  "name": "Military Service Codes",
  "status": "draft",
  "date": "2017-10-18T21:00:42+00:00",
  "publisher": "HL7 Clinical Quality Information (CQI) Work Group",
  "contact": [
    {
      "telecom": [
        {
          "system": "other",
          "value": "http://www.hl7.org/Special/committees/cqi"
        }
      ]
    }
  ],
  "description": "Value Set for Military Service (Example)",
  "compose": {
    "include": [
      {
        "system": "http://hl7.org/fhir/us/qicore/CodeSystem/qicore-military-service"
      }
    ]
  }
}