{
  "resourceType": "ValueSet",
  "id": "qicore-allergyintolerance-reason-refuted",
  "text": {
    "status": "generated",
    "div": "<div xmlns=\"http://www.w3.org/1999/xhtml\"><h2>Reasons for refuting allergy or intolerance codes</h2><div><p>The value set to instantiate this attribute should be drawn from a terminologically robust code system for reasons of refuting an allergy or intolerance. This value set is provided as a suggestive example.</p>\n</div><p><b>Copyright Statement:</b> This value set includes content from SNOMED CT, which is copyright © 2002+ International Health Terminology Standards Development Organisation (IHTSDO), and distributed by agreement between IHTSDO and HL7. Implementer use of SNOMED CT is not covered by this agreement.</p><p>This value set includes codes from the following code systems:</p><ul><li>Include codes from <a href=\"http://www.snomed.org/\"><code>http://snomed.info/sct</code></a> where concept  is-a  272519000 (Absence findings) and <a href=\"http://www.snomed.org/\"><code>http://snomed.info/sct</code></a> where concept  is-a  410516002 (Known absent (qualifier value))</li></ul></div>"
  },
  "url": "http://hl7.org/fhir/us/qicore/ValueSet/qicore-allergyintolerance-reason-refuted",
  "name": "Reasons for refuting allergy or intolerance codes",
  "status": "draft",
  "experimental": true,
  "date": "2017-10-18T21:00:42+00:00",
  "publisher": "HL7 Clinical Quality Information (CQI) Work Group",
  "contact": [
    {
      "telecom": [
        {
          "system": "other",
          "value": "http://www.hl7.org/Special/committees/cqi"
        }
      ]
    }
  ],
  "description": "The value set to instantiate this attribute should be drawn from a terminologically robust code system for reasons of refuting an allergy or intolerance. This value set is provided as a suggestive example.",
  "copyright": "This value set includes content from SNOMED CT, which is copyright © 2002+ International Health Terminology Standards Development Organisation (IHTSDO), and distributed by agreement between IHTSDO and HL7. Implementer use of SNOMED CT is not covered by this agreement.",
  "compose": {
    "include": [
      {
        "system": "http://snomed.info/sct",
        "filter": [
          {
            "property": "concept",
            "op": "is-a",
            "value": "272519000"
          },
          {
            "property": "concept",
            "op": "is-a",
            "value": "410516002"
          }
        ]
      }
    ]
  }
}