{
  "resourceType": "ValueSet",
  "id": "qicore-encounter-class",
  "text": {
    "status": "generated",
    "div": "<div xmlns=\"http://www.w3.org/1999/xhtml\"><h2>ActEncounterCode</h2><div><p>Domain provides codes that qualify the ActEncounterClass (ENC)</p>\n</div><p>This value set includes codes from the following code systems:</p><ul><li>Include these codes as defined in <a href=\"http://hl7.org/fhir/STU3/v3/ActCode/cs.html\"><code>http://hl7.org/fhir/v3/ActCode</code></a><table class=\"none\"><tr><td><b>Code</b></td><td><b>Display</b></td></tr><tr><td><a href=\"http://hl7.org/fhir/STU3/v3/ActCode/cs.html#v3-ActCode-OBS\">OBS</a></td><td>Observation Status</td><td>Provision of care of women during pregnancy, childbirth and immediate postpartum period.  Also known as Maternity.</td></tr></table>Include codes from <a href=\"http://hl7.org/fhir/STU3/v3/ActCode/cs.html\"><code>http://hl7.org/fhir/v3/ActCode</code></a> where concept  is-a  <a href=\"http://hl7.org/fhir/STU3/v3/ActCode/cs.html#v3-ActCode-_ActEncounterCode\">_ActEncounterCode</a></li><li>Exclude these codes as defined in <a href=\"http://hl7.org/fhir/STU3/v3/ActCode/cs.html\"><code>http://hl7.org/fhir/v3/ActCode</code></a><table class=\"none\"><tr><td><b>Code</b></td><td><b>Display</b></td></tr><tr><td><a href=\"http://hl7.org/fhir/STU3/v3/ActCode/cs.html#v3-ActCode-_ActEncounterCode\">_ActEncounterCode</a></td><td>ActEncounterCode</td><td>Domain provides codes that qualify the ActEncounterClass (ENC)</td></tr></table></li></ul></div>"
  },
  "extension": [
    {
      "url": "http://hl7.org/fhir/StructureDefinition/structuredefinition-ballot-status",
      "valueString": "External"
    },
    {
      "url": "http://hl7.org/fhir/StructureDefinition/structuredefinition-fmm",
      "valueInteger": 2
    },
    {
      "url": "http://hl7.org/fhir/StructureDefinition/structuredefinition-wg",
      "valueCode": "pa"
    }
  ],
  "url": "http://hl7.org/fhir/us/qicore/ValueSet/qicore-encounter-class",
  "identifier": [
    {
      "system": "urn:ietf:rfc:3986",
      "value": "urn:oid:2.16.840.1.113883.1.11.13955"
    }
  ],
  "version": "2014-03-26",
  "name": "ActEncounterCode",
  "status": "active",
  "experimental": false,
  "date": "2017-10-18T21:00:42+00:00",
  "publisher": "HL7 v3",
  "contact": [
    {
      "telecom": [
        {
          "system": "url",
          "value": "http://www.hl7.org"
        }
      ]
    }
  ],
  "description": " Domain provides codes that qualify the ActEncounterClass (ENC)",
  "immutable": false,
  "compose": {
    "include": [
      {
        "system": "http://hl7.org/fhir/v3/ActCode",
        "concept": [
          {
            "code": "OBS",
            "display": "Observation Status"
          }
        ],
        "filter": [
          {
            "property": "concept",
            "op": "is-a",
            "value": "_ActEncounterCode"
          }
        ]
      }
    ],
    "exclude": [
      {
        "system": "http://hl7.org/fhir/v3/ActCode",
        "concept": [
          {
            "code": "_ActEncounterCode"
          }
        ]
      }
    ]
  }
}