{
  "resourceType": "ValueSet",
  "id": "qicore-flag-category",
  "meta": {
    "profile": [
      "http://hl7.org/fhir/StructureDefinition/shareablevalueset"
    ]
  },
  "text": {
    "status": "generated",
    "div": "<div xmlns=\"http://www.w3.org/1999/xhtml\"><h2>Flag Category Codes</h2><div><p>Value Set for Flag Category (Example). This value set defines category codes for Patient Record Flags. Patient record flags is a mechanism in which an alert can be assigned to patients who have certain high risk clinical needs or behavior problems. Flags can be configured to appear during the patient look-up process.</p>\n</div><p>This value set includes codes from the following code systems:</p><ul><li>Include all codes defined in <a href=\"http://hl7.org/fhir/STU3/codesystem-flag-category.html\"><code>http://hl7.org/fhir/flag-category</code></a></li></ul></div>"
  },
  "url": "http://hl7.org/fhir/us/qicore/ValueSet/qicore-flag-category",
  "version": "0.02",
  "name": "Flag Category Codes",
  "status": "draft",
  "experimental": true,
  "date": "2017-10-18T21:00:42+00:00",
  "publisher": "HL7 Clinical Quality Information (CQI) Work Group",
  "contact": [
    {
      "telecom": [
        {
          "system": "other",
          "value": "http://www.hl7.org/Special/committees/cqi"
        }
      ]
    }
  ],
  "description": "Value Set for Flag Category (Example). This value set defines category codes for Patient Record Flags. Patient record flags is a mechanism in which an alert can be assigned to patients who have certain high risk clinical needs or behavior problems. Flags can be configured to appear during the patient look-up process.",
  "compose": {
    "include": [
      {
        "system": "http://hl7.org/fhir/flag-category"
      }
    ]
  }
}