{
  "resourceType": "ValueSet",
  "id": "qicore-condition-criticality",
  "meta": {
    "profile": [
      "http://hl7.org/fhir/StructureDefinition/shareablevalueset"
    ]
  },
  "text": {
    "status": "generated",
    "div": "<div xmlns=\"http://www.w3.org/1999/xhtml\"><h2>QICore Condition Criticality Codes</h2><div><p>Value Set for QICore Condition Criticality (Example)</p>\n</div><p>This value set includes codes from the following code systems:</p><ul><li>Include all codes defined in <code>http://hl7.org/fhir/us/qicore/ValueSet/qicore-condition-criticality</code></li></ul></div>"
  },
  "url": "http://hl7.org/fhir/us/qicore/ValueSet/qicore-condition-criticality",
  "version": "0.02",
  "name": "QICore Condition Criticality Codes",
  "status": "draft",
  "experimental": true,
  "date": "2017-10-18T21:00:42+00:00",
  "publisher": "HL7 Clinical Quality Information (CQI) Work Group",
  "contact": [
    {
      "telecom": [
        {
          "system": "other",
          "value": "http://www.hl7.org/Special/committees/cqi"
        }
      ]
    }
  ],
  "description": "Value Set for QICore Condition Criticality (Example)",
  "compose": {
    "include": [
      {
        "system": "http://hl7.org/fhir/us/qicore/ValueSet/qicore-condition-criticality"
      }
    ]
  }
}