{
  "resourceType": "ValueSet",
  "id": "qicore-patient-disability",
  "text": {
    "status": "generated",
    "div": "<div xmlns=\"http://www.w3.org/1999/xhtml\"><h2>Disability Value Set</h2><div><p>Disability is broadly defined as a physical or mental condition that limits a person's movements, senses, or activities. This includes  items such as handicap, impairment, invalidism, functional dependency, and incompetence.</p>\n</div><p><b>Copyright Statement:</b> This value set includes content from SNOMED CT, which is copyright © 2002+ International Health Terminology Standards Development Organisation (IHTSDO), and distributed by agreement between IHTSDO and HL7. Implementer use of SNOMED CT is not covered by this agreement</p><p>This value set includes codes from the following code systems:</p><ul><li>Include codes from <a href=\"http://www.snomed.org/\"><code>http://snomed.info/sct</code></a> where concept  is-a  105719004 (Body disability AND/OR failure state)</li></ul></div>"
  },
  "url": "http://hl7.org/fhir/us/qicore/ValueSet/qicore-patient-disability",
  "name": "Disability Value Set",
  "status": "active",
  "date": "2017-10-18T21:00:42+00:00",
  "publisher": "Health Level Seven, Inc. - CQI WG",
  "contact": [
    {
      "telecom": [
        {
          "system": "other",
          "value": "http://hl7.org/special/committees/CQI"
        }
      ]
    }
  ],
  "description": "Disability is broadly defined as a physical or mental condition that limits a person's movements, senses, or activities. This includes  items such as handicap, impairment, invalidism, functional dependency, and incompetence.",
  "copyright": "This value set includes content from SNOMED CT, which is copyright © 2002+ International Health Terminology Standards Development Organisation (IHTSDO), and distributed by agreement between IHTSDO and HL7. Implementer use of SNOMED CT is not covered by this agreement",
  "compose": {
    "include": [
      {
        "system": "http://snomed.info/sct",
        "filter": [
          {
            "property": "concept",
            "op": "is-a",
            "value": "105719004"
          }
        ]
      }
    ]
  }
}